[ {
  "entityTypeId" : "46044f0d-cfd2-445c-ad4f-f99ba4be9dc5",
  "id" : "f40e7775-2b71-4b35-aacb-b0c0dabb5b81",
  "name" : "app_id",
  "sourceFieldname" : "app_id",
  "description" : "app_id",
  "dataType" : "string",
  "hasIndex" : false,
  "unique" : false,
  "primarykey" : false,
  "namefield" : false,
  "nullable" : true,
  "custom" : false,
  "createable" : true,
  "updateable" : true,
  "audit" : false,
  "customizable" : false,
  "fieldOrder" : 0,
  "fieldProperties" : {
    "autoGenerated" : "false"
  }
}, {
  "entityTypeId" : "46044f0d-cfd2-445c-ad4f-f99ba4be9dc5",
  "id" : "10dc9f20-5523-4c39-8e79-aaa42f5a0614",
  "name" : "app_version",
  "sourceFieldname" : "app_version",
  "description" : "app_version",
  "dataType" : "string",
  "hasIndex" : false,
  "unique" : false,
  "primarykey" : false,
  "namefield" : false,
  "nullable" : true,
  "custom" : false,
  "createable" : true,
  "updateable" : true,
  "audit" : false,
  "customizable" : false,
  "fieldOrder" : 0,
  "fieldProperties" : {
    "autoGenerated" : "false"
  }
}, {
  "entityTypeId" : "46044f0d-cfd2-445c-ad4f-f99ba4be9dc5",
  "id" : "9e3a91ea-a40a-4f57-a261-c7cab11a2f1f",
  "name" : "bundles",
  "sourceFieldname" : "bundles",
  "description" : "bundles",
  "dataType" : "string",
  "hasIndex" : false,
  "unique" : false,
  "primarykey" : false,
  "namefield" : false,
  "nullable" : true,
  "custom" : false,
  "createable" : true,
  "updateable" : true,
  "audit" : false,
  "customizable" : false,
  "fieldOrder" : 0,
  "fieldProperties" : {
    "autoGenerated" : "false"
  }
}, {
  "entityTypeId" : "46044f0d-cfd2-445c-ad4f-f99ba4be9dc5",
  "id" : "c2ace67a-dd1a-4c4c-ad30-691577125622",
  "name" : "CreatedBy",
  "sourceFieldname" : "CreatedBy",
  "description" : "CreatedBy",
  "dataType" : "string",
  "hasIndex" : false,
  "unique" : false,
  "primarykey" : false,
  "namefield" : false,
  "nullable" : true,
  "custom" : false,
  "createable" : true,
  "updateable" : true,
  "audit" : false,
  "customizable" : false,
  "fieldOrder" : 0,
  "fieldProperties" : {
    "autoGenerated" : "false"
  }
}, {
  "entityTypeId" : "46044f0d-cfd2-445c-ad4f-f99ba4be9dc5",
  "id" : "20a2072f-47e6-4ac5-8e5a-623d07abd6c0",
  "name" : "CreatedDateTime",
  "sourceFieldname" : "CreatedDateTime",
  "description" : "CreatedDateTime",
  "dataType" : "date",
  "hasIndex" : false,
  "unique" : false,
  "primarykey" : false,
  "namefield" : false,
  "nullable" : true,
  "custom" : false,
  "createable" : true,
  "updateable" : true,
  "audit" : false,
  "customizable" : false,
  "fieldOrder" : 0,
  "fieldProperties" : {
    "autoGenerated" : "false"
  }
}, {
  "entityTypeId" : "46044f0d-cfd2-445c-ad4f-f99ba4be9dc5",
  "id" : "b89a95d0-4e40-4ca1-b672-e4463aa58b1b",
  "name" : "id",
  "dataType" : "number",
  "hasIndex" : false,
  "unique" : true,
  "primarykey" : true,
  "namefield" : false,
  "nullable" : false,
  "custom" : true,
  "createable" : true,
  "updateable" : true,
  "audit" : false,
  "customizable" : false,
  "fieldOrder" : 0,
  "fieldProperties" : {
    "autoGenerated" : "true"
  }
}, {
  "entityTypeId" : "46044f0d-cfd2-445c-ad4f-f99ba4be9dc5",
  "id" : "67363a16-78ba-4a26-bc74-cf98efb9f457",
  "name" : "LastUpdatedBy",
  "sourceFieldname" : "LastUpdatedBy",
  "description" : "LastUpdatedBy",
  "dataType" : "string",
  "hasIndex" : false,
  "unique" : false,
  "primarykey" : false,
  "namefield" : false,
  "nullable" : true,
  "custom" : false,
  "createable" : true,
  "updateable" : true,
  "audit" : false,
  "customizable" : false,
  "fieldOrder" : 0,
  "fieldProperties" : {
    "autoGenerated" : "false"
  }
}, {
  "entityTypeId" : "46044f0d-cfd2-445c-ad4f-f99ba4be9dc5",
  "id" : "62edf006-67e6-469f-8044-7deca37c5a44",
  "name" : "LastUpdatedDateTime",
  "sourceFieldname" : "LastUpdatedDateTime",
  "description" : "LastUpdatedDateTime",
  "dataType" : "date",
  "hasIndex" : false,
  "unique" : false,
  "primarykey" : false,
  "namefield" : false,
  "nullable" : true,
  "custom" : false,
  "createable" : true,
  "updateable" : true,
  "audit" : false,
  "customizable" : false,
  "fieldOrder" : 0,
  "fieldProperties" : {
    "autoGenerated" : "false"
  }
}, {
  "entityTypeId" : "46044f0d-cfd2-445c-ad4f-f99ba4be9dc5",
  "id" : "584871e6-286d-4169-9760-49e2b1d637cc",
  "name" : "role_id",
  "sourceFieldname" : "role_id",
  "description" : "role_id",
  "dataType" : "string",
  "hasIndex" : false,
  "unique" : false,
  "primarykey" : false,
  "namefield" : false,
  "nullable" : true,
  "custom" : false,
  "createable" : true,
  "updateable" : true,
  "audit" : false,
  "customizable" : false,
  "fieldOrder" : 0,
  "fieldProperties" : {
    "autoGenerated" : "false"
  }
}, {
  "entityTypeId" : "46044f0d-cfd2-445c-ad4f-f99ba4be9dc5",
  "id" : "388450f4-e636-445b-9a1b-ed2648e114fc",
  "name" : "SoftDeleteFlag",
  "sourceFieldname" : "SoftDeleteFlag",
  "description" : "SoftDeleteFlag",
  "dataType" : "boolean",
  "hasIndex" : false,
  "unique" : false,
  "primarykey" : false,
  "namefield" : false,
  "nullable" : true,
  "custom" : false,
  "createable" : true,
  "updateable" : true,
  "audit" : false,
  "customizable" : false,
  "fieldOrder" : 0,
  "fieldProperties" : {
    "autoGenerated" : "false"
  }
}, {
  "entityTypeId" : "46044f0d-cfd2-445c-ad4f-f99ba4be9dc5",
  "id" : "d400b06f-0dbf-47f3-8269-e3b6a4ff9885",
  "name" : "user",
  "sourceFieldname" : "user",
  "description" : "user",
  "dataType" : "string",
  "hasIndex" : false,
  "unique" : false,
  "primarykey" : false,
  "namefield" : false,
  "nullable" : true,
  "custom" : false,
  "createable" : true,
  "updateable" : true,
  "audit" : false,
  "customizable" : false,
  "fieldOrder" : 0,
  "fieldProperties" : {
    "autoGenerated" : "false"
  }
}, {
  "entityTypeId" : "46044f0d-cfd2-445c-ad4f-f99ba4be9dc5",
  "id" : "e400e6b0-f38b-4857-a3b4-6da03a66c2be",
  "name" : "user_id",
  "sourceFieldname" : "user_id",
  "description" : "user_id",
  "dataType" : "string",
  "hasIndex" : false,
  "unique" : false,
  "primarykey" : false,
  "namefield" : false,
  "nullable" : true,
  "custom" : false,
  "createable" : true,
  "updateable" : true,
  "audit" : false,
  "customizable" : false,
  "fieldOrder" : 0,
  "fieldProperties" : {
    "autoGenerated" : "false"
  }
} ]