{
  "type" : "lob",
  "custom" : false,
  "junction" : false,
  "customizable" : false,
  "verbs" : {
    "create" : "createMapping"
  },
  "entityProperties" : {
    "designTimeBackendMeta" : {
      "dataObjectName" : "WF_DO_TRANSACTIONS_HR",
      "libraryName" : "_SKYTECH_WF",
      "businessObjectName" : "WF_APPROVAL_NOTE"
    },
    "UpdateTimeStampField" : {
      "DateFormat" : "yyyyMMddHHmmss",
      "Name" : "lastmodifiedts"
    },
    "backendMeta" : {
      "dataObjectName" : "WF_DO_TRANSACTIONS_HR",
      "libraryName" : "_SKYTECH_WF",
      "children" : "[]",
      "businessObjectName" : "WF_APPROVAL_NOTE"
    },
    "SoftDeleteFlagField" : {
      "ActiveValue" : null,
      "InactiveValue" : "X",
      "Name" : "softdeletedflag"
    }
  },
  "commonMappings" : [ {
    "sourceFieldName" : "lastmodifiedts",
    "targetField" : "TIMESTAMP",
    "type" : "request_response"
  }, {
    "sourceFieldName" : "softdeletedflag",
    "targetField" : "DELETE_IND",
    "type" : "request_response"
  }, {
    "sourceFieldName" : "comment",
    "targetField" : "COMMENTS",
    "type" : "request_response"
  }, {
    "sourceFieldName" : "createdts",
    "targetField" : "ADDED_ON",
    "type" : "request_response"
  }, {
    "sourceFieldName" : "employee_id",
    "targetField" : "EMPNUMBER",
    "type" : "request_response"
  } ]
}