[ {
  "entityTypeId" : "0d805b41-f9a8-4000-b26e-586c3f2db1c7",
  "id" : "6eecbccd-1753-4e2b-b693-820a878e0687",
  "name" : "configkey",
  "dataType" : "string",
  "hasIndex" : false,
  "unique" : false,
  "primarykey" : false,
  "namefield" : false,
  "nullable" : true,
  "custom" : true,
  "createable" : true,
  "updateable" : true,
  "audit" : false,
  "customizable" : false,
  "fieldLength" : 50,
  "fieldOrder" : 0,
  "fieldProperties" : {
    "autoGenerated" : "false"
  }
}, {
  "entityTypeId" : "0d805b41-f9a8-4000-b26e-586c3f2db1c7",
  "id" : "b47e7ea0-3233-4d3b-8424-863179d252dd",
  "name" : "configurationBundle_id",
  "dataType" : "number",
  "hasIndex" : false,
  "unique" : false,
  "primarykey" : false,
  "namefield" : false,
  "nullable" : true,
  "custom" : true,
  "createable" : true,
  "updateable" : true,
  "audit" : false,
  "customizable" : false,
  "fieldOrder" : 0,
  "fieldProperties" : {
    "autoGenerated" : "false"
  }
}, {
  "entityTypeId" : "0d805b41-f9a8-4000-b26e-586c3f2db1c7",
  "id" : "c1102c65-ea2d-4c1e-96ed-123e238d06a8",
  "name" : "CreatedBy",
  "dataType" : "string",
  "hasIndex" : false,
  "unique" : false,
  "primarykey" : false,
  "namefield" : false,
  "nullable" : true,
  "custom" : true,
  "createable" : true,
  "updateable" : true,
  "audit" : false,
  "customizable" : false,
  "fieldLength" : 32,
  "fieldOrder" : 0,
  "fieldProperties" : {
    "standard" : "true",
    "isSoftDeleteField" : "false",
    "isUpdateTimeStampField" : "false",
    "autoGenerated" : "false"
  }
}, {
  "entityTypeId" : "0d805b41-f9a8-4000-b26e-586c3f2db1c7",
  "id" : "d726015a-e1a1-46b7-a98a-2c19c52271e5",
  "name" : "CreatedDateTime",
  "dataType" : "date",
  "hasIndex" : false,
  "unique" : false,
  "primarykey" : false,
  "namefield" : false,
  "nullable" : false,
  "custom" : true,
  "createable" : true,
  "updateable" : true,
  "audit" : false,
  "customizable" : false,
  "fieldLength" : 32,
  "fieldOrder" : 0,
  "fieldProperties" : {
    "standard" : "true",
    "isSoftDeleteField" : "false",
    "isUpdateTimeStampField" : "false",
    "autoGenerated" : "false"
  }
}, {
  "entityTypeId" : "0d805b41-f9a8-4000-b26e-586c3f2db1c7",
  "id" : "8e6b0300-1ad1-453e-aa72-56882603e44b",
  "name" : "id",
  "dataType" : "number",
  "hasIndex" : false,
  "unique" : true,
  "primarykey" : true,
  "namefield" : false,
  "nullable" : false,
  "custom" : true,
  "createable" : true,
  "updateable" : true,
  "audit" : false,
  "customizable" : false,
  "fieldOrder" : 0,
  "fieldProperties" : {
    "autoGenerated" : "true"
  }
}, {
  "entityTypeId" : "0d805b41-f9a8-4000-b26e-586c3f2db1c7",
  "id" : "51df6f75-c3eb-4df8-b6ca-9873e77298ba",
  "name" : "LastUpdatedBy",
  "dataType" : "string",
  "hasIndex" : false,
  "unique" : false,
  "primarykey" : false,
  "namefield" : false,
  "nullable" : true,
  "custom" : true,
  "createable" : true,
  "updateable" : true,
  "audit" : false,
  "customizable" : false,
  "fieldLength" : 32,
  "fieldOrder" : 0,
  "fieldProperties" : {
    "standard" : "true",
    "isSoftDeleteField" : "false",
    "isUpdateTimeStampField" : "false",
    "autoGenerated" : "false"
  }
}, {
  "entityTypeId" : "0d805b41-f9a8-4000-b26e-586c3f2db1c7",
  "id" : "26316dc8-2018-4e25-919e-40b1d74f0392",
  "name" : "LastUpdatedDateTime",
  "dataType" : "date",
  "hasIndex" : false,
  "unique" : false,
  "primarykey" : false,
  "namefield" : false,
  "nullable" : false,
  "custom" : true,
  "createable" : true,
  "updateable" : true,
  "audit" : false,
  "customizable" : false,
  "fieldLength" : 32,
  "fieldOrder" : 0,
  "fieldProperties" : {
    "standard" : "true",
    "isSoftDeleteField" : "false",
    "isUpdateTimeStampField" : "true",
    "autoGenerated" : "false",
    "timeStampFieldFormat" : "yyyy-MM-dd'T'HH:mm:ss.SSS"
  }
}, {
  "entityTypeId" : "0d805b41-f9a8-4000-b26e-586c3f2db1c7",
  "id" : "0d8dab5e-70fc-432c-b1d1-c8a6496e75a6",
  "name" : "SoftDeleteFlag",
  "dataType" : "boolean",
  "hasIndex" : false,
  "unique" : false,
  "primarykey" : false,
  "namefield" : false,
  "nullable" : true,
  "custom" : true,
  "createable" : true,
  "updateable" : true,
  "audit" : false,
  "customizable" : false,
  "fieldLength" : 1,
  "fieldOrder" : 0,
  "fieldProperties" : {
    "standard" : "true",
    "isSoftDeleteField" : "true",
    "isUpdateTimeStampField" : "false",
    "autoGenerated" : "false"
  }
}, {
  "entityTypeId" : "0d805b41-f9a8-4000-b26e-586c3f2db1c7",
  "id" : "73ad2f33-1f8a-416a-b166-e78ba06e3ec4",
  "name" : "type",
  "dataType" : "string",
  "hasIndex" : false,
  "unique" : false,
  "primarykey" : false,
  "namefield" : false,
  "nullable" : true,
  "custom" : true,
  "createable" : true,
  "updateable" : true,
  "audit" : false,
  "customizable" : false,
  "fieldLength" : 30,
  "fieldOrder" : 0,
  "fieldProperties" : {
    "autoGenerated" : "false"
  }
}, {
  "entityTypeId" : "0d805b41-f9a8-4000-b26e-586c3f2db1c7",
  "id" : "94a41e86-4f5f-4c54-9b16-5146bbcbadae",
  "name" : "value",
  "dataType" : "string",
  "hasIndex" : false,
  "unique" : false,
  "primarykey" : false,
  "namefield" : false,
  "nullable" : true,
  "custom" : true,
  "createable" : true,
  "updateable" : true,
  "audit" : false,
  "customizable" : false,
  "fieldLength" : 2000,
  "fieldOrder" : 0,
  "fieldProperties" : {
    "autoGenerated" : "false"
  }
} ]