[ {
  "entityTypeId" : "e3384f0e-8964-44d5-9075-676f7ae22211",
  "id" : "ecb3bd81-5e9c-412c-8643-2763de208a75",
  "name" : "configkey",
  "sourceFieldname" : "configkey",
  "description" : "configkey",
  "dataType" : "string",
  "hasIndex" : false,
  "unique" : false,
  "primarykey" : false,
  "namefield" : false,
  "nullable" : true,
  "custom" : false,
  "createable" : true,
  "updateable" : true,
  "audit" : false,
  "customizable" : false,
  "fieldOrder" : 0,
  "fieldProperties" : {
    "autoGenerated" : "false"
  }
}, {
  "entityTypeId" : "e3384f0e-8964-44d5-9075-676f7ae22211",
  "id" : "320dcd67-e58b-4d01-bdf2-e32988f884a8",
  "name" : "configurationBundle_id",
  "sourceFieldname" : "configurationBundle_id",
  "description" : "configurationBundle_id",
  "dataType" : "number",
  "hasIndex" : false,
  "unique" : false,
  "primarykey" : false,
  "namefield" : false,
  "nullable" : true,
  "custom" : false,
  "createable" : true,
  "updateable" : true,
  "audit" : false,
  "customizable" : false,
  "fieldOrder" : 0,
  "fieldProperties" : {
    "autoGenerated" : "false"
  }
}, {
  "entityTypeId" : "e3384f0e-8964-44d5-9075-676f7ae22211",
  "id" : "d1c269c6-f526-4e19-bdc2-6d75a477ff3e",
  "name" : "CreatedBy",
  "sourceFieldname" : "CreatedBy",
  "description" : "CreatedBy",
  "dataType" : "string",
  "hasIndex" : false,
  "unique" : false,
  "primarykey" : false,
  "namefield" : false,
  "nullable" : true,
  "custom" : false,
  "createable" : true,
  "updateable" : true,
  "audit" : false,
  "customizable" : false,
  "fieldOrder" : 0,
  "fieldProperties" : {
    "autoGenerated" : "false"
  }
}, {
  "entityTypeId" : "e3384f0e-8964-44d5-9075-676f7ae22211",
  "id" : "3e22ad2d-f1e7-483f-863e-faeaba23a12c",
  "name" : "CreatedDateTime",
  "sourceFieldname" : "CreatedDateTime",
  "description" : "CreatedDateTime",
  "dataType" : "date",
  "hasIndex" : false,
  "unique" : false,
  "primarykey" : false,
  "namefield" : false,
  "nullable" : true,
  "custom" : false,
  "createable" : true,
  "updateable" : true,
  "audit" : false,
  "customizable" : false,
  "fieldOrder" : 0,
  "fieldProperties" : {
    "autoGenerated" : "false"
  }
}, {
  "entityTypeId" : "e3384f0e-8964-44d5-9075-676f7ae22211",
  "id" : "75eb5ea7-ddd8-4120-a032-6cb21404ea83",
  "name" : "id",
  "sourceFieldname" : "id",
  "description" : "id",
  "dataType" : "number",
  "hasIndex" : false,
  "unique" : false,
  "primarykey" : false,
  "namefield" : false,
  "nullable" : true,
  "custom" : false,
  "createable" : true,
  "updateable" : true,
  "audit" : false,
  "customizable" : false,
  "fieldOrder" : 0,
  "fieldProperties" : {
    "autoGenerated" : "false"
  }
}, {
  "entityTypeId" : "e3384f0e-8964-44d5-9075-676f7ae22211",
  "id" : "f210092a-c0e4-4e7d-8769-e32009950011",
  "name" : "LastUpdatedBy",
  "sourceFieldname" : "LastUpdatedBy",
  "description" : "LastUpdatedBy",
  "dataType" : "string",
  "hasIndex" : false,
  "unique" : false,
  "primarykey" : false,
  "namefield" : false,
  "nullable" : true,
  "custom" : false,
  "createable" : true,
  "updateable" : true,
  "audit" : false,
  "customizable" : false,
  "fieldOrder" : 0,
  "fieldProperties" : {
    "autoGenerated" : "false"
  }
}, {
  "entityTypeId" : "e3384f0e-8964-44d5-9075-676f7ae22211",
  "id" : "716e61a6-aff2-4598-b541-8c3815dd53af",
  "name" : "LastUpdatedDateTime",
  "sourceFieldname" : "LastUpdatedDateTime",
  "description" : "LastUpdatedDateTime",
  "dataType" : "date",
  "hasIndex" : false,
  "unique" : false,
  "primarykey" : false,
  "namefield" : false,
  "nullable" : true,
  "custom" : false,
  "createable" : true,
  "updateable" : true,
  "audit" : false,
  "customizable" : false,
  "fieldOrder" : 0,
  "fieldProperties" : {
    "autoGenerated" : "false"
  }
}, {
  "entityTypeId" : "e3384f0e-8964-44d5-9075-676f7ae22211",
  "id" : "39bb576b-d0ca-4396-a624-cd95046de4dd",
  "name" : "SoftDeleteFlag",
  "sourceFieldname" : "SoftDeleteFlag",
  "description" : "SoftDeleteFlag",
  "dataType" : "boolean",
  "hasIndex" : false,
  "unique" : false,
  "primarykey" : false,
  "namefield" : false,
  "nullable" : true,
  "custom" : false,
  "createable" : true,
  "updateable" : true,
  "audit" : false,
  "customizable" : false,
  "fieldOrder" : 0,
  "fieldProperties" : {
    "autoGenerated" : "false"
  }
}, {
  "entityTypeId" : "e3384f0e-8964-44d5-9075-676f7ae22211",
  "id" : "791c78fd-b9be-4e7e-833e-c6d5ca99e85c",
  "name" : "type",
  "sourceFieldname" : "type",
  "description" : "type",
  "dataType" : "string",
  "hasIndex" : false,
  "unique" : false,
  "primarykey" : false,
  "namefield" : false,
  "nullable" : true,
  "custom" : false,
  "createable" : true,
  "updateable" : true,
  "audit" : false,
  "customizable" : false,
  "fieldOrder" : 0,
  "fieldProperties" : {
    "autoGenerated" : "false"
  }
}, {
  "entityTypeId" : "e3384f0e-8964-44d5-9075-676f7ae22211",
  "id" : "b4f3b063-7fdb-47cb-8d63-feb3a5c85704",
  "name" : "value",
  "sourceFieldname" : "value",
  "description" : "value",
  "dataType" : "string",
  "hasIndex" : false,
  "unique" : false,
  "primarykey" : false,
  "namefield" : false,
  "nullable" : true,
  "custom" : false,
  "createable" : true,
  "updateable" : true,
  "audit" : false,
  "customizable" : false,
  "fieldOrder" : 0,
  "fieldProperties" : {
    "autoGenerated" : "false"
  }
} ]