{
  "operationConfig" : {
    "name" : "querynotificationdata6580",
    "type" : "MappedToBackend",
    "cachable" : false,
    "smsEnabled" : false,
    "security" : "authorized_app_user",
    "responseEncoding" : "UTF-8",
    "httpMethod" : "GET",
    "decodeResponseBody" : false,
    "referencingEndpoint" : "default",
    "outputs" : [ {
      "id" : "WF_NOTIFDATA",
      "scope" : "response",
      "dataType" : "string",
      "formatType" : "None"
    }, {
      "id" : "DATA_KEY",
      "scope" : "response",
      "dataType" : "string",
      "collectionID" : "WF_NOTIFDATA",
      "formatType" : "None"
    }, {
      "id" : "DATA_VALUE",
      "scope" : "response",
      "dataType" : "string",
      "collectionID" : "WF_NOTIFDATA",
      "formatType" : "None"
    }, {
      "id" : "DELETE_IND",
      "scope" : "response",
      "dataType" : "string",
      "collectionID" : "WF_NOTIFDATA",
      "formatType" : "None"
    }, {
      "id" : "EXTRACT_TSTAMP",
      "scope" : "response",
      "dataType" : "string",
      "collectionID" : "WF_NOTIFDATA",
      "formatType" : "None"
    }, {
      "id" : "ID",
      "scope" : "response",
      "dataType" : "string",
      "collectionID" : "WF_NOTIFDATA",
      "formatType" : "None"
    }, {
      "id" : "NOTIFICATION_ID",
      "scope" : "response",
      "dataType" : "string",
      "collectionID" : "WF_NOTIFDATA",
      "formatType" : "None"
    }, {
      "id" : "TIMESTAMP",
      "scope" : "response",
      "dataType" : "string",
      "collectionID" : "WF_NOTIFDATA",
      "formatType" : "None"
    }, {
      "id" : "nextBatchId",
      "scope" : "response",
      "dataType" : "string",
      "formatType" : "None"
    }, {
      "id" : "hasMoreRecords",
      "scope" : "response",
      "dataType" : "string",
      "formatType" : "None"
    } ],
    "headers" : [ {
      "id" : "KonySAP-Session-Key",
      "scope" : "request"
    } ],
    "odata" : [ {
      "id" : "$select",
      "dataType" : "string",
      "encode" : true,
      "accessType" : "readonly"
    }, {
      "id" : "$filter",
      "dataType" : "string",
      "encode" : true,
      "accessType" : "readonly"
    }, {
      "id" : "$orderby",
      "dataType" : "string",
      "encode" : true,
      "accessType" : "readonly"
    }, {
      "id" : "$top",
      "dataType" : "string",
      "encode" : true,
      "accessType" : "readonly"
    }, {
      "id" : "$skip",
      "dataType" : "string",
      "encode" : true,
      "accessType" : "readonly"
    }, {
      "id" : "$expand",
      "dataType" : "string",
      "encode" : true,
      "accessType" : "readonly"
    }, {
      "id" : "$batchsize",
      "dataType" : "string",
      "encode" : true,
      "accessType" : "readonly"
    }, {
      "id" : "$batchid",
      "dataType" : "string",
      "encode" : true,
      "accessType" : "readonly"
    } ],
    "iMapping" : "<?xml version=\"1.0\" encoding=\"UTF-8\" standalone=\"yes\"?><mapper xmlns=\"http://www.kony.com/ns/mapper\">  <map inputpath=\"request_in\" outputpath=\"request_out\">    <exec-function name=\"kony.gen.obj.notification_data__hierarchy.toLOBFields\"/>  </map></mapper>",
    "oMapping" : "<?xml version=\"1.0\" encoding=\"UTF-8\" standalone=\"yes\"?><mapper xmlns=\"http://www.kony.com/ns/mapper\">  <map inputpath=\"response_in\" outputpath=\"response_out\">    <map inputpath=\"WF_NOTIFDATA\" outputpath=\"notification_data\">      <exec-function name=\"kony.gen.obj.notification_data__hierarchy.fromLOBFields\"/>      <set-param inputpath=\"TIMESTAMP\" outputpath=\"lastmodifiedts\"/>                  <set-param inputpath=\"TIMESTAMP\" outputpath=\"createdts\"/>    </map>  </map></mapper>",
    "applyCommonMapping" : false,
    "entityMetadata" : "{\"skyEntityMetadataRuntime\":{\"fMap\":{\"NOTIFICATION_ID\":\"WF_NOTIFICATIONS.NOTIFICATION_ID\"},\"sQuery\":\"WF_DISTRIBUTION.REF_WFLOW_ID,WF_NOTIFICATIONS.NOTIFICATION_ID\",\"service\":\"WF_DO_NOTIFICATION\",\"config\":{},\"entityName\":\"WF_NOTIFDATA\"}}",
    "opcode" : "query",
    "backendMeta" : {
      "dataObjectName" : "WF_DO_NOTIFICATION",
      "libraryName" : "_SKYTECH_WF",
      "businessObjectName" : "WF_NOTIFDATA"
    },
    "relationshipHierarchyMapping" : {
      "children" : [ ],
      "name" : "notification_data",
      "selected" : true
    },
    "requestXmlMappingOverride" : false,
    "responseXmlMappingOverride" : false
  }
}