<?xml version="1.0" encoding="UTF-8" standalone="yes"?>
<SyncObject Generated="true" SourceName="notification_data" GlobalName="notification_data">
    <ConfigParams>
        <ConfigParam Name="download_batch_mode" Value="none"/>
    </ConfigParams>
    <SyncAttributes>
        <Key>
            <Attribute GlobalName="id"/>
        </Key>
        <SyncAttribute SourceName="createdts" GlobalName="createdts" Type="string" IsNullable="true" Length="14" Autogenerated="false"/>
        <SyncAttribute SourceName="data_key" GlobalName="data_key" Type="string" IsNullable="true" Length="15" Autogenerated="false"/>
        <SyncAttribute SourceName="data_value" GlobalName="data_value" Type="string" IsNullable="true" Length="255" Autogenerated="false"/>
        <SyncAttribute SourceName="id" GlobalName="id" Type="string" IsNullable="false" Length="32" Autogenerated="false"/>
        <SyncAttribute SourceName="lastmodifiedts" GlobalName="lastmodifiedts" Type="string" IsNullable="true" Length="14" Autogenerated="false"/>
        <SyncAttribute SourceName="notification_id" GlobalName="notification_id" Type="string" IsNullable="true" Length="32" Autogenerated="false"/>
        <SyncAttribute SourceName="softdeleteflag" GlobalName="softdeleteflag" Type="string" IsNullable="true" Length="1" Autogenerated="false"/>
    </SyncAttributes>
    <Relationships/>
    <FilterParameters>
        <ClientFilterParameters/>
        <ServerFilterParameters/>
    </FilterParameters>
    <UpdateTimeStampAttribute GlobalName="lastmodifiedts" DateFormat="yyyyMMddHHmmss" Ignore="false"/>
    <SoftDeleteFlagAttribute GlobalName="softdeleteflag" InactiveValue="X" Ignore="false"/>
    <Operations/>
    <field-mappings>
        <mapping-field sourceField="data_key" targetField="DATA_KEY"/>
        <mapping-field sourceField="data_value" targetField="DATA_VALUE"/>
        <mapping-field sourceField="id" targetField="ID"/>
        <mapping-field sourceField="notification_id" targetField="NOTIFICATION_ID"/>
        <mapping-field sourceField="softdeleteflag" targetField="DELETE_IND"/>
    </field-mappings>
    <object-source-mappings>
        <object-source sourceObject="WF_NOTIFDATA"/>
    </object-source-mappings>
</SyncObject>
