<?xml version="1.0" encoding="UTF-8" standalone="yes"?>
<SyncObject Generated="false" SourceName="notification" GlobalName="notification">
    <ConfigParams>
        <ConfigParam Name="download_batch_mode" Value="none"/>
    </ConfigParams>
    <SyncAttributes>
        <Key>
            <Attribute GlobalName="notification_id"/>
        </Key>
        <SyncAttribute SourceName="createdts" GlobalName="createdts" Type="string" IsNullable="true" Length="14" Autogenerated="false"/>
        <SyncAttribute SourceName="description" GlobalName="description" Type="string" IsNullable="true" Length="150" Autogenerated="false"/>
        <SyncAttribute SourceName="employee_id" GlobalName="employee_id" Type="string" IsNullable="true" Length="8" Autogenerated="false"/>
        <SyncAttribute SourceName="lastmodifiedts" GlobalName="lastmodifiedts" Type="string" IsNullable="true" Length="14" Autogenerated="false"/>
        <SyncAttribute SourceName="module" GlobalName="module" Type="string" IsNullable="true" Length="15" Autogenerated="false"/>
        <SyncAttribute SourceName="notification_id" GlobalName="notification_id" Type="string" IsNullable="false" Length="32" Autogenerated="false"/>
        <SyncAttribute SourceName="softdeleteflag" GlobalName="softdeleteflag" Type="string" IsNullable="true" Length="1" Autogenerated="false"/>
        <SyncAttribute SourceName="title" GlobalName="title" Type="string" IsNullable="true" Length="15" Autogenerated="false"/>
    </SyncAttributes>
    <Relationships>
        <OneToMany TargetObject="notification_data" Cascade="false">
            <RelationshipAttribute TargetObjectAttribute="notification_id" SourceObjectAttribute="notification_id"/>
        </OneToMany>
    </Relationships>
    <FilterParameters>
        <ClientFilterParameters/>
        <ServerFilterParameters>
            <FilterParameter Name="module" Condition="EQ" Value1="APPROVALS"/>
        </ServerFilterParameters>
    </FilterParameters>
    <UpdateTimeStampAttribute GlobalName="lastmodifiedts" DateFormat="yyyyMMddHHmmss" Ignore="false"/>
    <SoftDeleteFlagAttribute GlobalName="softdeleteflag" InactiveValue="X" Ignore="false"/>
    <Operations>
        <Operation Name="getUpdated" DataSource="NotificationsApprovals" ServiceID="querynotification4733">
            <InputHeader AutoAttributeMapping="true">
                <Param Name="KonySAP-Request-Timestamp" SourceValue="#if($!{CONTEXT.InitialSync}!='true')*#end" Source="TEMPLATE"/>
            </InputHeader>
            <Input AutoAttributeMapping="true">
                <Param Name="$batchsize" SourceValue="BATCH_SIZE" Source="CONTEXT"/>
                <Param Name="$filter" SourceValue="module eq $FILTER.get('notification.module')" Source="TEMPLATE"/>
                <Param Name="$expand" SourceValue="notification_data" Source="CONSTANT"/>
            </Input>
            <Output AutoAttributeMapping="true">
                <Param Name="nextBatchId" SourceValue="batchid" Source="CONTEXT"/>
                <Param Name="hasMoreRecords" SourceValue="MORE_CHANGES_AVAILABLE" Source="CONTEXT"/>
            </Output>
            <SupportedObjects>
                <supported-object objectid="notification">
                    <supported-object objectid="notification_data"/>
                </supported-object>
            </SupportedObjects>
        </Operation>
        <Operation Name="getBatch" DataSource="NotificationsApprovals" ServiceID="querynotification4733">
            <InputHeader AutoAttributeMapping="true">
                <Param Name="KonySAP-Request-Timestamp" SourceValue="#if($!{CONTEXT.InitialSync}!='true')*#end" Source="TEMPLATE"/>
            </InputHeader>
            <Input AutoAttributeMapping="true">
                <Param Name="$batchsize" SourceValue="BATCH_SIZE" Source="CONTEXT"/>
                <Param Name="$filter" SourceValue="module eq $FILTER.get('notification.module')" Source="TEMPLATE"/>
                <Param Name="$expand" SourceValue="notification_data" Source="CONSTANT"/>
                <Param Name="$batchid" SourceValue="batchid" Source="CONTEXT"/>
            </Input>
            <Output AutoAttributeMapping="true">
                <Param Name="nextBatchId" SourceValue="batchid" Source="CONTEXT"/>
                <Param Name="hasMoreRecords" SourceValue="MORE_CHANGES_AVAILABLE" Source="CONTEXT"/>
            </Output>
            <SupportedObjects>
                <supported-object objectid="notification">
                    <supported-object objectid="notification_data"/>
                </supported-object>
            </SupportedObjects>
        </Operation>
    </Operations>
    <field-mappings>
        <mapping-field sourceField="description" targetField="DESCRIPTION"/>
        <mapping-field sourceField="employee_id" targetField="EMPNUMBER"/>
        <mapping-field sourceField="module" targetField="NOTIF_MODULE"/>
        <mapping-field sourceField="notification_id" targetField="NOTIFICATION_ID"/>
        <mapping-field sourceField="softdeleteflag" targetField="DELETE_IND"/>
        <mapping-field sourceField="title" targetField="TITLE"/>
    </field-mappings>
    <object-source-mappings>
        <object-source sourceObject="WF_NOTIFICATIONS"/>
    </object-source-mappings>
</SyncObject>
