[ {
  "entityTypeId" : "14a80ba6-2f31-4901-8c4d-a6e68ce6eb6f",
  "id" : "26166588-8e7b-44bb-ad5e-63cf61b1f59b",
  "name" : "classField",
  "sourceFieldname" : "classField",
  "description" : "Parent Type of the Binary File",
  "dataType" : "string",
  "hasIndex" : false,
  "unique" : false,
  "primarykey" : false,
  "namefield" : false,
  "nullable" : true,
  "custom" : false,
  "createable" : true,
  "updateable" : true,
  "audit" : false,
  "customizable" : false,
  "fieldLength" : 40,
  "fieldOrder" : 0,
  "fieldProperties" : {
    "autoGenerated" : "false"
  }
}, {
  "entityTypeId" : "14a80ba6-2f31-4901-8c4d-a6e68ce6eb6f",
  "id" : "8be019e8-d671-4c81-beac-ceb23b7dd3a9",
  "name" : "classValue",
  "sourceFieldname" : "classValue",
  "description" : "Parent Value of the Binary File",
  "dataType" : "string",
  "hasIndex" : false,
  "unique" : false,
  "primarykey" : false,
  "namefield" : false,
  "nullable" : true,
  "custom" : false,
  "createable" : true,
  "updateable" : true,
  "audit" : false,
  "customizable" : false,
  "fieldLength" : 40,
  "fieldOrder" : 0,
  "fieldProperties" : {
    "autoGenerated" : "false"
  }
}, {
  "entityTypeId" : "14a80ba6-2f31-4901-8c4d-a6e68ce6eb6f",
  "id" : "36eed45c-5b93-46fc-954c-fbc2bf153b23",
  "name" : "description",
  "sourceFieldname" : "description",
  "description" : "Description of the Binary File",
  "dataType" : "string",
  "hasIndex" : false,
  "unique" : false,
  "primarykey" : false,
  "namefield" : false,
  "nullable" : false,
  "custom" : false,
  "createable" : true,
  "updateable" : true,
  "audit" : false,
  "customizable" : false,
  "fieldLength" : 60,
  "fieldOrder" : 0,
  "fieldProperties" : {
    "autoGenerated" : "false"
  }
}, {
  "entityTypeId" : "14a80ba6-2f31-4901-8c4d-a6e68ce6eb6f",
  "id" : "b10722ad-ecb3-4bf3-a2b7-62d443d7a602",
  "name" : "extension",
  "sourceFieldname" : "extension",
  "description" : "Extension of the Binary File",
  "dataType" : "string",
  "hasIndex" : false,
  "unique" : false,
  "primarykey" : false,
  "namefield" : false,
  "nullable" : false,
  "custom" : false,
  "createable" : true,
  "updateable" : true,
  "audit" : false,
  "customizable" : false,
  "fieldLength" : 8,
  "fieldOrder" : 0,
  "fieldProperties" : {
    "autoGenerated" : "false"
  }
}, {
  "entityTypeId" : "14a80ba6-2f31-4901-8c4d-a6e68ce6eb6f",
  "id" : "63b31d13-ac49-4312-8c90-b1b63df98b12",
  "name" : "group",
  "sourceFieldname" : "group",
  "description" : "Group to which the Binary File belongs",
  "dataType" : "string",
  "hasIndex" : false,
  "unique" : false,
  "primarykey" : false,
  "namefield" : false,
  "nullable" : true,
  "custom" : false,
  "createable" : true,
  "updateable" : true,
  "audit" : false,
  "customizable" : false,
  "fieldLength" : 20,
  "fieldOrder" : 0,
  "fieldProperties" : {
    "autoGenerated" : "false"
  }
}, {
  "entityTypeId" : "14a80ba6-2f31-4901-8c4d-a6e68ce6eb6f",
  "id" : "96dd27c2-7f6c-4d35-a970-fc16dfee7c64",
  "name" : "name",
  "sourceFieldname" : "name",
  "description" : "Name of the Binary File",
  "dataType" : "string",
  "hasIndex" : false,
  "unique" : false,
  "primarykey" : true,
  "namefield" : false,
  "nullable" : false,
  "custom" : false,
  "createable" : true,
  "updateable" : true,
  "audit" : false,
  "customizable" : false,
  "fieldLength" : 32,
  "fieldOrder" : 0,
  "fieldProperties" : {
    "autoGenerated" : "true"
  }
}, {
  "entityTypeId" : "14a80ba6-2f31-4901-8c4d-a6e68ce6eb6f",
  "id" : "71fe96f5-54fd-4071-95e6-6e2c76d20792",
  "name" : "ondemand",
  "sourceFieldname" : "ondemand",
  "description" : "On Demand",
  "dataType" : "string",
  "hasIndex" : false,
  "unique" : false,
  "primarykey" : false,
  "namefield" : false,
  "nullable" : true,
  "custom" : false,
  "createable" : true,
  "updateable" : true,
  "audit" : false,
  "customizable" : false,
  "fieldLength" : 20,
  "fieldOrder" : 0,
  "fieldProperties" : {
    "autoGenerated" : "false"
  }
}, {
  "entityTypeId" : "14a80ba6-2f31-4901-8c4d-a6e68ce6eb6f",
  "id" : "3250a9a7-d1d2-4f90-93ca-05751846f2c7",
  "name" : "type",
  "sourceFieldname" : "type",
  "description" : "Type of the Binary File",
  "dataType" : "string",
  "hasIndex" : false,
  "unique" : false,
  "primarykey" : false,
  "namefield" : false,
  "nullable" : false,
  "custom" : false,
  "createable" : true,
  "updateable" : true,
  "audit" : false,
  "customizable" : false,
  "fieldLength" : 15,
  "fieldOrder" : 0,
  "fieldProperties" : {
    "autoGenerated" : "false"
  }
}, {
  "entityTypeId" : "14a80ba6-2f31-4901-8c4d-a6e68ce6eb6f",
  "id" : "0563569f-c9ba-4411-af15-fa0f9fdf9655",
  "name" : "url",
  "sourceFieldname" : "url",
  "description" : "Binary Field",
  "dataType" : "binary",
  "hasIndex" : false,
  "unique" : false,
  "primarykey" : false,
  "namefield" : false,
  "nullable" : true,
  "custom" : false,
  "createable" : true,
  "updateable" : true,
  "audit" : false,
  "customizable" : false,
  "fieldLength" : 0,
  "fieldOrder" : 0,
  "fieldProperties" : {
    "extension" : "extension",
    "format" : "type",
    "description" : "description",
    "id" : "name",
    "autoGenerated" : "false",
    "downloadToDevice" : "ifrecordvalue",
    "contentType" : "URL",
    "downloadToDeviceField" : "ondemand"
  }
} ]