[ {
  "entityTypeId" : "47c8130b-5833-4d22-a673-a3cf570d3ffa",
  "id" : "08c91650-8d41-4c54-b233-70bd38074bb0",
  "name" : "Communication_Type_Id",
  "sourceFieldname" : "SUBTYPE",
  "description" : "Subtype",
  "dataType" : "string",
  "hasIndex" : false,
  "unique" : false,
  "primarykey" : true,
  "namefield" : false,
  "nullable" : false,
  "custom" : false,
  "createable" : true,
  "updateable" : true,
  "audit" : false,
  "customizable" : false,
  "fieldLength" : 4,
  "fieldOrder" : 0,
  "fieldProperties" : {
    "autoGenerated" : "false"
  }
}, {
  "entityTypeId" : "47c8130b-5833-4d22-a673-a3cf570d3ffa",
  "id" : "dfe760c2-ab30-4660-9c84-e225d5407cd2",
  "name" : "Employee_Id",
  "sourceFieldname" : "EMPNUMBER",
  "description" : "Employee Number",
  "dataType" : "string",
  "hasIndex" : false,
  "unique" : false,
  "primarykey" : true,
  "namefield" : false,
  "nullable" : false,
  "custom" : false,
  "createable" : true,
  "updateable" : true,
  "audit" : false,
  "customizable" : false,
  "fieldLength" : 8,
  "fieldOrder" : 0,
  "fieldProperties" : {
    "autoGenerated" : "false"
  }
}, {
  "entityTypeId" : "47c8130b-5833-4d22-a673-a3cf570d3ffa",
  "id" : "b1c0e88a-c2be-4f09-9250-8b5de1f63509",
  "name" : "END_DATE",
  "sourceFieldname" : "ENDDA",
  "description" : "End Date",
  "dataType" : "string",
  "hasIndex" : false,
  "unique" : false,
  "primarykey" : false,
  "namefield" : false,
  "nullable" : false,
  "custom" : false,
  "createable" : true,
  "updateable" : true,
  "audit" : false,
  "customizable" : false,
  "fieldLength" : 8,
  "fieldOrder" : 0,
  "fieldProperties" : {
    "autoGenerated" : "false"
  }
}, {
  "entityTypeId" : "47c8130b-5833-4d22-a673-a3cf570d3ffa",
  "id" : "c4d8341c-6c85-4992-86fe-0beb2b18e163",
  "name" : "lastmodifiedts",
  "sourceFieldname" : "TIMESTAMP",
  "description" : "Timestamp",
  "dataType" : "string",
  "hasIndex" : false,
  "unique" : false,
  "primarykey" : false,
  "namefield" : false,
  "nullable" : true,
  "custom" : false,
  "createable" : true,
  "updateable" : true,
  "audit" : false,
  "customizable" : false,
  "fieldLength" : 14,
  "fieldOrder" : 0,
  "fieldProperties" : {
    "autoGenerated" : "false"
  }
}, {
  "entityTypeId" : "47c8130b-5833-4d22-a673-a3cf570d3ffa",
  "id" : "a53c8482-5e0a-4bb2-aedc-27d9ac370685",
  "name" : "softdeleteflag",
  "sourceFieldname" : "DELETE_IND",
  "description" : "Delete local function data",
  "dataType" : "string",
  "hasIndex" : false,
  "unique" : false,
  "primarykey" : false,
  "namefield" : false,
  "nullable" : true,
  "custom" : false,
  "createable" : true,
  "updateable" : true,
  "audit" : false,
  "customizable" : false,
  "fieldLength" : 1,
  "fieldOrder" : 0,
  "fieldProperties" : {
    "autoGenerated" : "false"
  }
}, {
  "entityTypeId" : "47c8130b-5833-4d22-a673-a3cf570d3ffa",
  "id" : "3c548cf9-364f-4aba-a610-09804a01149e",
  "name" : "START_DATE",
  "sourceFieldname" : "BEGDA",
  "description" : "Start Date",
  "dataType" : "string",
  "hasIndex" : false,
  "unique" : false,
  "primarykey" : false,
  "namefield" : false,
  "nullable" : false,
  "custom" : false,
  "createable" : true,
  "updateable" : true,
  "audit" : false,
  "customizable" : false,
  "fieldLength" : 8,
  "fieldOrder" : 0,
  "fieldProperties" : {
    "autoGenerated" : "false"
  }
}, {
  "entityTypeId" : "47c8130b-5833-4d22-a673-a3cf570d3ffa",
  "id" : "00074744-e0b7-4948-8e74-40e1d23f2c1d",
  "name" : "Value",
  "sourceFieldname" : "COMMUNICATIONID",
  "description" : "Communication Identification/Number",
  "dataType" : "string",
  "hasIndex" : false,
  "unique" : false,
  "primarykey" : false,
  "namefield" : false,
  "nullable" : true,
  "custom" : false,
  "createable" : true,
  "updateable" : true,
  "audit" : false,
  "customizable" : false,
  "fieldLength" : 30,
  "fieldOrder" : 0,
  "fieldProperties" : {
    "autoGenerated" : "false"
  }
} ]