{
  "type" : "lob",
  "custom" : false,
  "junction" : false,
  "customizable" : false,
  "verbs" : {
    "update" : "updateMapping",
    "create" : "createMapping",
    "partialupdate" : "partialupdateMapping",
    "delete" : "deleteMapping"
  },
  "entityProperties" : {
    "designTimeBackendMeta" : {
      "dataObjectName" : "HCM_EMP_PERSONAL_DATA",
      "libraryName" : "_SKYTECH_HCM",
      "businessObjectName" : "HCM_COMMUNICATION_DETAILS"
    },
    "UpdateTimeStampField" : {
      "DateFormat" : "yyyyMMddHHmmss",
      "Name" : "lastmodifiedts"
    },
    "backendMeta" : {
      "dataObjectName" : "HCM_EMP_PERSONAL_DATA",
      "libraryName" : "_SKYTECH_HCM",
      "businessObjectName" : "HCM_COMMUNICATION_DETAILS"
    },
    "SoftDeleteFlagField" : {
      "ActiveValue" : null,
      "InactiveValue" : "X",
      "Name" : "softdeleteflag"
    }
  },
  "commonMappings" : [ {
    "sourceFieldName" : "Communication_Type_Id",
    "targetField" : "SUBTYPE",
    "type" : "request_response"
  }, {
    "sourceFieldName" : "softdeleteflag",
    "targetField" : "DELETE_IND",
    "type" : "request_response"
  }, {
    "sourceFieldName" : "START_DATE",
    "targetField" : "BEGDA",
    "type" : "request_response"
  }, {
    "sourceFieldName" : "lastmodifiedts",
    "targetField" : "TIMESTAMP",
    "type" : "request_response"
  }, {
    "sourceFieldName" : "END_DATE",
    "targetField" : "ENDDA",
    "type" : "request_response"
  }, {
    "sourceFieldName" : "Employee_Id",
    "targetField" : "EMPNUMBER",
    "type" : "request_response"
  }, {
    "sourceFieldName" : "Value",
    "targetField" : "COMMUNICATIONID",
    "type" : "request_response"
  } ]
}