[ {
  "entityTypeId" : "34047244-f955-4601-bc64-71677c8d2b9d",
  "id" : "1c9aa0bb-6e99-4f9a-a8d0-2c1f885db75f",
  "name" : "createdts",
  "sourceFieldname" : "EXTRACT_TSTAMP",
  "description" : "Timestamp",
  "dataType" : "string",
  "hasIndex" : false,
  "unique" : false,
  "primarykey" : false,
  "namefield" : false,
  "nullable" : true,
  "custom" : false,
  "createable" : true,
  "updateable" : true,
  "audit" : false,
  "customizable" : false,
  "fieldLength" : 14,
  "fieldOrder" : 0,
  "fieldProperties" : {
    "autoGenerated" : "false"
  }
}, {
  "entityTypeId" : "34047244-f955-4601-bc64-71677c8d2b9d",
  "id" : "78f4fe03-4927-40c1-9824-e07f1f65a551",
  "name" : "description",
  "sourceFieldname" : "DESCRIPTION",
  "description" : "WF:Description for Notification",
  "dataType" : "string",
  "hasIndex" : false,
  "unique" : false,
  "primarykey" : false,
  "namefield" : false,
  "nullable" : true,
  "custom" : false,
  "createable" : true,
  "updateable" : true,
  "audit" : false,
  "customizable" : false,
  "fieldLength" : 150,
  "fieldOrder" : 0,
  "fieldProperties" : {
    "autoGenerated" : "false"
  }
}, {
  "entityTypeId" : "34047244-f955-4601-bc64-71677c8d2b9d",
  "id" : "0036e4df-5749-4268-adda-88e132137917",
  "name" : "employee_id",
  "sourceFieldname" : "EMPNUMBER",
  "description" : "WF:Employee Number",
  "dataType" : "string",
  "hasIndex" : false,
  "unique" : false,
  "primarykey" : false,
  "namefield" : false,
  "nullable" : true,
  "custom" : false,
  "createable" : true,
  "updateable" : true,
  "audit" : false,
  "customizable" : false,
  "fieldLength" : 8,
  "fieldOrder" : 0,
  "fieldProperties" : {
    "autoGenerated" : "false"
  }
}, {
  "entityTypeId" : "34047244-f955-4601-bc64-71677c8d2b9d",
  "id" : "acd56bae-9af1-48cb-9d05-dd7019c25b74",
  "name" : "lastmodifiedts",
  "sourceFieldname" : "TIMESTAMP",
  "description" : "Timestamp",
  "dataType" : "string",
  "hasIndex" : false,
  "unique" : false,
  "primarykey" : false,
  "namefield" : false,
  "nullable" : true,
  "custom" : false,
  "createable" : true,
  "updateable" : true,
  "audit" : false,
  "customizable" : false,
  "fieldLength" : 14,
  "fieldOrder" : 0,
  "fieldProperties" : {
    "autoGenerated" : "false"
  }
}, {
  "entityTypeId" : "34047244-f955-4601-bc64-71677c8d2b9d",
  "id" : "9c26a988-a658-4b3b-8ada-4c87bf30d7ef",
  "name" : "module",
  "sourceFieldname" : "NOTIF_MODULE",
  "description" : "WF:Module",
  "dataType" : "string",
  "hasIndex" : false,
  "unique" : false,
  "primarykey" : false,
  "namefield" : false,
  "nullable" : true,
  "custom" : false,
  "createable" : true,
  "updateable" : true,
  "audit" : false,
  "customizable" : false,
  "fieldLength" : 15,
  "fieldOrder" : 0,
  "fieldProperties" : {
    "autoGenerated" : "false"
  }
}, {
  "entityTypeId" : "34047244-f955-4601-bc64-71677c8d2b9d",
  "id" : "49f25de8-929d-42fa-9e3b-5f210e1f8f24",
  "name" : "notification_id",
  "sourceFieldname" : "NOTIFICATION_ID",
  "description" : "WF:Notification ID",
  "dataType" : "string",
  "hasIndex" : false,
  "unique" : false,
  "primarykey" : true,
  "namefield" : false,
  "nullable" : false,
  "custom" : false,
  "createable" : true,
  "updateable" : true,
  "audit" : false,
  "customizable" : false,
  "fieldLength" : 32,
  "fieldOrder" : 0,
  "fieldProperties" : {
    "autoGenerated" : "false"
  }
}, {
  "entityTypeId" : "34047244-f955-4601-bc64-71677c8d2b9d",
  "id" : "43e9b4ef-2b7c-4a69-a65a-9b812e45e175",
  "name" : "softdeleteflag",
  "sourceFieldname" : "DELETE_IND",
  "description" : "Delete local function data",
  "dataType" : "string",
  "hasIndex" : false,
  "unique" : false,
  "primarykey" : false,
  "namefield" : false,
  "nullable" : true,
  "custom" : false,
  "createable" : true,
  "updateable" : true,
  "audit" : false,
  "customizable" : false,
  "fieldLength" : 1,
  "fieldOrder" : 0,
  "fieldProperties" : {
    "autoGenerated" : "false"
  }
}, {
  "entityTypeId" : "34047244-f955-4601-bc64-71677c8d2b9d",
  "id" : "a52530a9-1ead-4ef0-964d-a69a67c73313",
  "name" : "title",
  "sourceFieldname" : "TITLE",
  "description" : "WF:Title",
  "dataType" : "string",
  "hasIndex" : false,
  "unique" : false,
  "primarykey" : false,
  "namefield" : false,
  "nullable" : true,
  "custom" : false,
  "createable" : true,
  "updateable" : true,
  "audit" : false,
  "customizable" : false,
  "fieldLength" : 15,
  "fieldOrder" : 0,
  "fieldProperties" : {
    "autoGenerated" : "false"
  }
} ]