{
  "type" : "lob",
  "custom" : false,
  "junction" : false,
  "customizable" : false,
  "verbs" : {
    "get" : "getMapping"
  },
  "entityProperties" : {
    "BatchMode" : "none",
    "designTimeBackendMeta" : {
      "dataObjectName" : "WF_DO_NOTIFICATION",
      "libraryName" : "_SKYTECH_WF",
      "businessObjectName" : "WF_NOTIFICATIONS"
    },
    "UpdateTimeStampField" : {
      "DateFormat" : "yyyyMMddHHmmss",
      "Name" : "lastmodifiedts"
    },
    "backendMeta" : {
      "dataObjectName" : "WF_DO_NOTIFICATION",
      "libraryName" : "_SKYTECH_WF",
      "children" : "[]",
      "businessObjectName" : "WF_NOTIFICATIONS"
    },
    "SoftDeleteFlagField" : {
      "ActiveValue" : null,
      "InactiveValue" : "X",
      "Name" : "softdeleteflag"
    }
  },
  "commonMappings" : [ {
    "sourceFieldName" : "description",
    "targetField" : "DESCRIPTION",
    "type" : "request_response"
  }, {
    "sourceFieldName" : "employee_id",
    "targetField" : "EMPNUMBER",
    "type" : "request_response"
  }, {
    "sourceFieldName" : "module",
    "targetField" : "NOTIF_MODULE",
    "type" : "request_response"
  }, {
    "sourceFieldName" : "notification_id",
    "targetField" : "NOTIFICATION_ID",
    "type" : "request_response"
  }, {
    "sourceFieldName" : "softdeleteflag",
    "targetField" : "DELETE_IND",
    "type" : "request_response"
  }, {
    "sourceFieldName" : "title",
    "targetField" : "TITLE",
    "type" : "request_response"
  } ]
}