{
  "subType" : "customapp",
  "description" : "MYAPPROVALS_V_3.1.1",
  "orchSvcs" : [ {
    "name" : "GetCOnfigurations",
    "version" : "1.0"
  } ],
  "objectSvcs" : [ {
    "name" : "NotificationsApprovals",
    "version" : "1.0"
  }, {
    "name" : "Employee",
    "version" : "1.0"
  }, {
    "name" : "ConfigurationSDOApprovals",
    "version" : "1.0"
  }, {
    "name" : "ApprovalsSkins",
    "version" : "1.0"
  }, {
    "name" : "MYAPPROVALS",
    "version" : "1.0"
  } ],
  "identity" : [ "ESSIDENTITY" ]
}