{
  "operationConfig" : {
    "name" : "queryWFATTRIBUTES9213",
    "type" : "MappedToBackend",
    "cachable" : false,
    "smsEnabled" : false,
    "security" : "authorized_app_user",
    "responseEncoding" : "UTF-8",
    "httpMethod" : "GET",
    "decodeResponseBody" : false,
    "referencingEndpoint" : "default",
    "outputs" : [ {
      "id" : "WF_ATTRIBUTES",
      "scope" : "response",
      "dataType" : "string",
      "formatType" : "None"
    }, {
      "id" : "DOCID",
      "scope" : "response",
      "dataType" : "string",
      "collectionID" : "WF_ATTRIBUTES",
      "formatType" : "None"
    }, {
      "id" : "OBJECT_TYPE",
      "scope" : "response",
      "dataType" : "string",
      "collectionID" : "WF_ATTRIBUTES",
      "formatType" : "None"
    }, {
      "id" : "PARENT_KEY",
      "scope" : "response",
      "dataType" : "string",
      "collectionID" : "WF_ATTRIBUTES",
      "formatType" : "None"
    }, {
      "id" : "ATTRIBUTE_ID",
      "scope" : "response",
      "dataType" : "string",
      "collectionID" : "WF_ATTRIBUTES",
      "formatType" : "None"
    }, {
      "id" : "FIELD_TYPE",
      "scope" : "response",
      "dataType" : "string",
      "collectionID" : "WF_ATTRIBUTES",
      "formatType" : "None"
    }, {
      "id" : "LENGTH",
      "scope" : "response",
      "dataType" : "string",
      "collectionID" : "WF_ATTRIBUTES",
      "formatType" : "None"
    }, {
      "id" : "DECIMALS",
      "scope" : "response",
      "dataType" : "string",
      "collectionID" : "WF_ATTRIBUTES",
      "formatType" : "None"
    }, {
      "id" : "LOWERCASE",
      "scope" : "response",
      "dataType" : "string",
      "collectionID" : "WF_ATTRIBUTES",
      "formatType" : "None"
    }, {
      "id" : "TIMESTAMP",
      "scope" : "response",
      "dataType" : "string",
      "collectionID" : "WF_ATTRIBUTES",
      "formatType" : "None"
    }, {
      "id" : "DELETE_IND",
      "scope" : "response",
      "dataType" : "string",
      "collectionID" : "WF_ATTRIBUTES",
      "formatType" : "None"
    }, {
      "id" : "BOOLEAN",
      "scope" : "response",
      "dataType" : "string",
      "collectionID" : "WF_ATTRIBUTES",
      "formatType" : "None"
    }, {
      "id" : "LDB_LABEL",
      "scope" : "response",
      "dataType" : "string",
      "collectionID" : "WF_ATTRIBUTES",
      "formatType" : "None"
    }, {
      "id" : "VALUE",
      "scope" : "response",
      "dataType" : "string",
      "collectionID" : "WF_ATTRIBUTES",
      "formatType" : "None"
    }, {
      "id" : "nextBatchId",
      "scope" : "response",
      "dataType" : "string",
      "formatType" : "None"
    }, {
      "id" : "hasMoreRecords",
      "scope" : "response",
      "dataType" : "string",
      "formatType" : "None"
    } ],
    "headers" : [ {
      "id" : "KonySAP-Session-Key",
      "scope" : "request"
    } ],
    "odata" : [ {
      "id" : "$filter",
      "dataType" : "string",
      "encode" : true,
      "accessType" : "readonly"
    }, {
      "id" : "$top",
      "dataType" : "string",
      "encode" : true,
      "accessType" : "readonly"
    }, {
      "id" : "$skip",
      "dataType" : "string",
      "encode" : true,
      "accessType" : "readonly"
    }, {
      "id" : "$orderby",
      "dataType" : "string",
      "encode" : true,
      "accessType" : "readonly"
    }, {
      "id" : "$select",
      "dataType" : "string",
      "encode" : true,
      "accessType" : "readonly"
    }, {
      "id" : "$expand",
      "dataType" : "string",
      "encode" : true,
      "accessType" : "readonly"
    }, {
      "id" : "$batchsize",
      "dataType" : "string",
      "encode" : true,
      "accessType" : "readonly"
    }, {
      "id" : "$batchid",
      "dataType" : "string",
      "encode" : true,
      "accessType" : "readonly"
    }, {
      "id" : "$filter",
      "dataType" : "string",
      "encode" : true,
      "accessType" : "readonly"
    }, {
      "id" : "$top",
      "dataType" : "string",
      "encode" : true,
      "accessType" : "readonly"
    }, {
      "id" : "$skip",
      "dataType" : "string",
      "encode" : true,
      "accessType" : "readonly"
    }, {
      "id" : "$orderby",
      "dataType" : "string",
      "encode" : true,
      "accessType" : "readonly"
    }, {
      "id" : "$select",
      "dataType" : "string",
      "encode" : true,
      "accessType" : "readonly"
    }, {
      "id" : "$expand",
      "dataType" : "string",
      "encode" : true,
      "accessType" : "readonly"
    }, {
      "id" : "$batchsize",
      "dataType" : "string",
      "encode" : true,
      "accessType" : "readonly"
    }, {
      "id" : "$batchid",
      "dataType" : "string",
      "encode" : true,
      "accessType" : "readonly"
    }, {
      "id" : "$filter",
      "dataType" : "string",
      "encode" : true,
      "accessType" : "readonly"
    }, {
      "id" : "$top",
      "dataType" : "string",
      "encode" : true,
      "accessType" : "readonly"
    }, {
      "id" : "$skip",
      "dataType" : "string",
      "encode" : true,
      "accessType" : "readonly"
    }, {
      "id" : "$orderby",
      "dataType" : "string",
      "encode" : true,
      "accessType" : "readonly"
    }, {
      "id" : "$select",
      "dataType" : "string",
      "encode" : true,
      "accessType" : "readonly"
    }, {
      "id" : "$expand",
      "dataType" : "string",
      "encode" : true,
      "accessType" : "readonly"
    }, {
      "id" : "$batchsize",
      "dataType" : "string",
      "encode" : true,
      "accessType" : "readonly"
    }, {
      "id" : "$batchid",
      "dataType" : "string",
      "encode" : true,
      "accessType" : "readonly"
    }, {
      "id" : "$filter",
      "dataType" : "string",
      "encode" : true,
      "accessType" : "readonly"
    }, {
      "id" : "$top",
      "dataType" : "string",
      "encode" : true,
      "accessType" : "readonly"
    }, {
      "id" : "$skip",
      "dataType" : "string",
      "encode" : true,
      "accessType" : "readonly"
    }, {
      "id" : "$orderby",
      "dataType" : "string",
      "encode" : true,
      "accessType" : "readonly"
    }, {
      "id" : "$select",
      "dataType" : "string",
      "encode" : true,
      "accessType" : "readonly"
    }, {
      "id" : "$expand",
      "dataType" : "string",
      "encode" : true,
      "accessType" : "readonly"
    }, {
      "id" : "$batchsize",
      "dataType" : "string",
      "encode" : true,
      "accessType" : "readonly"
    }, {
      "id" : "$batchid",
      "dataType" : "string",
      "encode" : true,
      "accessType" : "readonly"
    }, {
      "id" : "$filter",
      "dataType" : "string",
      "encode" : true,
      "accessType" : "readonly"
    }, {
      "id" : "$top",
      "dataType" : "string",
      "encode" : true,
      "accessType" : "readonly"
    }, {
      "id" : "$skip",
      "dataType" : "string",
      "encode" : true,
      "accessType" : "readonly"
    }, {
      "id" : "$orderby",
      "dataType" : "string",
      "encode" : true,
      "accessType" : "readonly"
    }, {
      "id" : "$select",
      "dataType" : "string",
      "encode" : true,
      "accessType" : "readonly"
    }, {
      "id" : "$expand",
      "dataType" : "string",
      "encode" : true,
      "accessType" : "readonly"
    }, {
      "id" : "$batchsize",
      "dataType" : "string",
      "encode" : true,
      "accessType" : "readonly"
    }, {
      "id" : "$batchid",
      "dataType" : "string",
      "encode" : true,
      "accessType" : "readonly"
    }, {
      "id" : "$filter",
      "dataType" : "string",
      "encode" : true,
      "accessType" : "readonly"
    }, {
      "id" : "$top",
      "dataType" : "string",
      "encode" : true,
      "accessType" : "readonly"
    }, {
      "id" : "$skip",
      "dataType" : "string",
      "encode" : true,
      "accessType" : "readonly"
    }, {
      "id" : "$orderby",
      "dataType" : "string",
      "encode" : true,
      "accessType" : "readonly"
    }, {
      "id" : "$select",
      "dataType" : "string",
      "encode" : true,
      "accessType" : "readonly"
    }, {
      "id" : "$expand",
      "dataType" : "string",
      "encode" : true,
      "accessType" : "readonly"
    }, {
      "id" : "$batchsize",
      "dataType" : "string",
      "encode" : true,
      "accessType" : "readonly"
    }, {
      "id" : "$batchid",
      "dataType" : "string",
      "encode" : true,
      "accessType" : "readonly"
    } ],
    "applyCommonMapping" : true,
    "entityMetadata" : "{\"skyEntityMetadataRuntime\":{\"service\":\"WF_DO_TRANSACTIONS_HR\",\"entityName\":\"WF_ATTRIBUTES\",\"fMap\":{\"DOCID\":\"WF_DISTRIBUTION.DOCID\"},\"sQuery\":\"WF_DISTRIBUTION.REF_WFLOW_ID\",\"config\":{}}}",
    "opcode" : "query",
    "backendMeta" : {
      "dataObjectName" : "WF_DO_TRANSACTIONS_HR",
      "libraryName" : "_SKYTECH_WF",
      "businessObjectName" : "WF_ATTRIBUTES"
    },
    "relationshipHierarchyMapping" : {
      "children" : [ ],
      "name" : "data_type",
      "selected" : true
    },
    "requestXmlMappingOverride" : false,
    "responseXmlMappingOverride" : false
  }
}