[ {
  "entityTypeId" : "8f029dfd-9ac2-4c22-a0a0-b8067bd3554e",
  "id" : "c78fa7f4-e225-4122-bd48-844076f5288c",
  "name" : "createdts",
  "dataType" : "string",
  "hasIndex" : false,
  "unique" : false,
  "primarykey" : false,
  "namefield" : false,
  "nullable" : true,
  "custom" : true,
  "createable" : true,
  "updateable" : true,
  "audit" : false,
  "customizable" : false,
  "fieldLength" : 32,
  "fieldOrder" : 0,
  "fieldProperties" : {
    "autoGenerated" : "false"
  }
}, {
  "entityTypeId" : "8f029dfd-9ac2-4c22-a0a0-b8067bd3554e",
  "id" : "c18c20f4-c125-4193-bf1b-75aa3342f58d",
  "name" : "description",
  "dataType" : "string",
  "hasIndex" : false,
  "unique" : false,
  "primarykey" : false,
  "namefield" : false,
  "nullable" : true,
  "custom" : true,
  "createable" : true,
  "updateable" : true,
  "audit" : false,
  "customizable" : false,
  "fieldLength" : 32,
  "fieldOrder" : 0,
  "fieldProperties" : {
    "autoGenerated" : "false"
  }
}, {
  "entityTypeId" : "8f029dfd-9ac2-4c22-a0a0-b8067bd3554e",
  "id" : "9239e255-3921-44e5-b37a-d7dc45fdfd9d",
  "name" : "id",
  "dataType" : "string",
  "hasIndex" : false,
  "unique" : true,
  "primarykey" : true,
  "namefield" : false,
  "nullable" : false,
  "custom" : true,
  "createable" : true,
  "updateable" : true,
  "audit" : false,
  "customizable" : false,
  "fieldLength" : 12,
  "fieldOrder" : 0,
  "fieldProperties" : {
    "autoGenerated" : "false"
  }
}, {
  "entityTypeId" : "8f029dfd-9ac2-4c22-a0a0-b8067bd3554e",
  "id" : "e8405e91-e95e-493a-9eb7-0d842227ce7c",
  "name" : "lastmodifiedts",
  "sourceFieldname" : "TIMESTAMP",
  "description" : "Timestamp",
  "dataType" : "string",
  "hasIndex" : false,
  "unique" : false,
  "primarykey" : false,
  "namefield" : false,
  "nullable" : true,
  "custom" : false,
  "createable" : true,
  "updateable" : true,
  "audit" : false,
  "customizable" : false,
  "fieldLength" : 14,
  "fieldOrder" : 0,
  "fieldProperties" : {
    "autoGenerated" : "false"
  }
}, {
  "entityTypeId" : "8f029dfd-9ac2-4c22-a0a0-b8067bd3554e",
  "id" : "3d3ec290-4ce9-4415-9b23-41d8c16e412e",
  "name" : "request_type_id",
  "dataType" : "string",
  "hasIndex" : false,
  "unique" : false,
  "primarykey" : false,
  "namefield" : false,
  "nullable" : true,
  "custom" : true,
  "createable" : true,
  "updateable" : true,
  "audit" : false,
  "customizable" : false,
  "fieldLength" : 32,
  "fieldOrder" : 0,
  "fieldProperties" : {
    "autoGenerated" : "false"
  }
}, {
  "entityTypeId" : "8f029dfd-9ac2-4c22-a0a0-b8067bd3554e",
  "id" : "28159e97-2dae-4ff5-9524-b035e44d3795",
  "name" : "softdeletedflag",
  "sourceFieldname" : "DELETE_IND",
  "description" : "Delete local function data",
  "dataType" : "string",
  "hasIndex" : false,
  "unique" : false,
  "primarykey" : false,
  "namefield" : false,
  "nullable" : true,
  "custom" : false,
  "createable" : true,
  "updateable" : true,
  "audit" : false,
  "customizable" : false,
  "fieldLength" : 1,
  "fieldOrder" : 0,
  "fieldProperties" : {
    "autoGenerated" : "false"
  }
}, {
  "entityTypeId" : "8f029dfd-9ac2-4c22-a0a0-b8067bd3554e",
  "id" : "3069f9f9-3e00-4280-a413-b3d683bdfdb2",
  "name" : "TYPE",
  "dataType" : "string",
  "hasIndex" : false,
  "unique" : false,
  "primarykey" : false,
  "namefield" : false,
  "nullable" : true,
  "custom" : true,
  "createable" : true,
  "updateable" : true,
  "audit" : false,
  "customizable" : false,
  "fieldLength" : 32,
  "fieldOrder" : 0,
  "fieldProperties" : {
    "autoGenerated" : "false"
  }
} ]