<?xml version="1.0" encoding="UTF-8" standalone="yes"?>
<SyncObject Generated="false" SourceName="Communication_Type" GlobalName="Communication_Type">
    <SyncAttributes>
        <Key>
            <Attribute GlobalName="Employee_Id"/>
            <Attribute GlobalName="Id"/>
        </Key>
        <SyncAttribute SourceName="Employee_Id" GlobalName="Employee_Id" Type="string" IsNullable="false" Length="8" Autogenerated="false"/>
        <SyncAttribute SourceName="Id" GlobalName="Id" Type="string" IsNullable="false" Length="4" Autogenerated="false"/>
        <SyncAttribute SourceName="lastmodifiedts" GlobalName="lastmodifiedts" Type="string" IsNullable="true" Length="14" Autogenerated="false"/>
        <SyncAttribute SourceName="softdeleteflag" GlobalName="softdeleteflag" Type="string" IsNullable="true" Length="1" Autogenerated="false"/>
        <SyncAttribute SourceName="Type" GlobalName="Type" Type="string" IsNullable="true" Length="40" Autogenerated="false"/>
    </SyncAttributes>
    <Relationships/>
    <FilterParameters>
        <ClientFilterParameters/>
        <ServerFilterParameters/>
    </FilterParameters>
    <UpdateTimeStampAttribute GlobalName="lastmodifiedts" DateFormat="yyyyMMddHHmmss" Ignore="false"/>
    <SoftDeleteFlagAttribute GlobalName="softdeleteflag" InactiveValue="X" Ignore="false"/>
    <Operations>
        <Operation Name="getUpdated" DataSource="Employee" ServiceID="queryHCMEMPCOMMUTYPE6366">
            <InputHeader AutoAttributeMapping="true">
                <Param Name="KonySAP-Request-Timestamp" SourceValue="#if($!{CONTEXT.InitialSync}!='true')*#end" Source="TEMPLATE"/>
            </InputHeader>
            <Input AutoAttributeMapping="true">
                <Param Name="$batchsize" SourceValue="BATCH_SIZE" Source="CONTEXT"/>
            </Input>
            <Output AutoAttributeMapping="true">
                <Param Name="nextBatchId" SourceValue="batchid" Source="CONTEXT"/>
                <Param Name="hasMoreRecords" SourceValue="MORE_CHANGES_AVAILABLE" Source="CONTEXT"/>
            </Output>
        </Operation>
        <Operation Name="getBatch" DataSource="Employee" ServiceID="queryHCMEMPCOMMUTYPE6366">
            <InputHeader AutoAttributeMapping="true">
                <Param Name="KonySAP-Request-Timestamp" SourceValue="#if($!{CONTEXT.InitialSync}!='true')*#end" Source="TEMPLATE"/>
            </InputHeader>
            <Input AutoAttributeMapping="true">
                <Param Name="$batchsize" SourceValue="BATCH_SIZE" Source="CONTEXT"/>
                <Param Name="$batchid" SourceValue="batchid" Source="CONTEXT"/>
            </Input>
            <Output AutoAttributeMapping="true">
                <Param Name="nextBatchId" SourceValue="batchid" Source="CONTEXT"/>
                <Param Name="hasMoreRecords" SourceValue="MORE_CHANGES_AVAILABLE" Source="CONTEXT"/>
            </Output>
        </Operation>
    </Operations>
    <field-mappings>
        <mapping-field sourceField="Type" targetField="SUBTYTEXT"/>
        <mapping-field sourceField="softdeleteflag" targetField="DELETE_IND"/>
        <mapping-field sourceField="lastmodifiedts" targetField="TIMESTAMP"/>
        <mapping-field sourceField="Employee_Id" targetField="EMPNUMBER"/>
        <mapping-field sourceField="Id" targetField="SUBTY"/>
    </field-mappings>
    <object-source-mappings>
        <object-source sourceObject="HCM_EMP_COMMU_TYPE"/>
    </object-source-mappings>
</SyncObject>
