<?xml version="1.0" encoding="UTF-8" standalone="yes"?>
<SyncObject Generated="true" SourceName="Communication_Channel" GlobalName="Communication_Channel">
    <SyncAttributes>
        <Key>
            <Attribute GlobalName="Communication_Type_Id"/>
            <Attribute GlobalName="Employee_Id"/>
        </Key>
        <SyncAttribute SourceName="Communication_Type_Id" GlobalName="Communication_Type_Id" Type="string" IsNullable="false" Length="4" Autogenerated="false"/>
        <SyncAttribute SourceName="Employee_Id" GlobalName="Employee_Id" Type="string" IsNullable="false" Length="8" Autogenerated="false"/>
        <SyncAttribute SourceName="END_DATE" GlobalName="END_DATE" Type="string" IsNullable="false" Length="8" Autogenerated="false"/>
        <SyncAttribute SourceName="lastmodifiedts" GlobalName="lastmodifiedts" Type="string" IsNullable="true" Length="14" Autogenerated="false"/>
        <SyncAttribute SourceName="softdeleteflag" GlobalName="softdeleteflag" Type="string" IsNullable="true" Length="1" Autogenerated="false"/>
        <SyncAttribute SourceName="START_DATE" GlobalName="START_DATE" Type="string" IsNullable="false" Length="8" Autogenerated="false"/>
        <SyncAttribute SourceName="Value" GlobalName="Value" Type="string" IsNullable="true" Length="30" Autogenerated="false"/>
    </SyncAttributes>
    <Relationships/>
    <FilterParameters>
        <ClientFilterParameters/>
        <ServerFilterParameters/>
    </FilterParameters>
    <UpdateTimeStampAttribute GlobalName="lastmodifiedts" DateFormat="yyyyMMddHHmmss" Ignore="false"/>
    <SoftDeleteFlagAttribute GlobalName="softdeleteflag" InactiveValue="X" Ignore="false"/>
    <Operations>
        <Operation Name="Create" DataSource="Employee" ServiceID="createCommunicationChannel17526">
            <InputHeader AutoAttributeMapping="true"/>
            <Input AutoAttributeMapping="true"/>
            <Output AutoAttributeMapping="true"/>
        </Operation>
        <Operation Name="Update" DataSource="Employee" ServiceID="partialupdateCommunicationChannel17963">
            <InputHeader AutoAttributeMapping="true"/>
            <Input AutoAttributeMapping="true"/>
            <Output AutoAttributeMapping="true"/>
        </Operation>
        <Operation Name="Delete" DataSource="Employee" ServiceID="deleteCommunicationChannel19696">
            <InputHeader AutoAttributeMapping="true"/>
            <Input AutoAttributeMapping="true"/>
            <Output AutoAttributeMapping="true"/>
        </Operation>
    </Operations>
    <field-mappings>
        <mapping-field sourceField="Communication_Type_Id" targetField="SUBTYPE"/>
        <mapping-field sourceField="softdeleteflag" targetField="DELETE_IND"/>
        <mapping-field sourceField="START_DATE" targetField="BEGDA"/>
        <mapping-field sourceField="lastmodifiedts" targetField="TIMESTAMP"/>
        <mapping-field sourceField="END_DATE" targetField="ENDDA"/>
        <mapping-field sourceField="Employee_Id" targetField="EMPNUMBER"/>
        <mapping-field sourceField="Value" targetField="COMMUNICATIONID"/>
    </field-mappings>
    <object-source-mappings>
        <object-source sourceObject="HCM_COMMUNICATION_DETAILS"/>
    </object-source-mappings>
</SyncObject>
