<?xml version="1.0" encoding="UTF-8" standalone="yes"?>
<SyncObject Generated="false" SourceName="Employee" GlobalName="Employee">
    <SyncAttributes>
        <Key>
            <Attribute GlobalName="Id"/>
            <Attribute GlobalName="User_Id"/>
        </Key>
        <SyncAttribute SourceName="Blood_group" GlobalName="Blood_group" Type="string" IsNullable="true" Length="30" Autogenerated="false"/>
        <SyncAttribute SourceName="Date_of_birth" GlobalName="Date_of_birth" Type="date" IsNullable="true" Length="8" Autogenerated="false"/>
        <SyncAttribute SourceName="Department_Id" GlobalName="Department_Id" Type="string" IsNullable="true" Length="32" Autogenerated="false"/>
        <SyncAttribute SourceName="Designation_Id" GlobalName="Designation_Id" Type="string" IsNullable="true" Length="32" Autogenerated="false"/>
        <SyncAttribute SourceName="Employment_Type" GlobalName="Employment_Type" Type="string" IsNullable="true" Length="32" Autogenerated="false"/>
        <SyncAttribute SourceName="First_Name" GlobalName="First_Name" Type="string" IsNullable="true" Length="32" Autogenerated="false"/>
        <SyncAttribute SourceName="Gender" GlobalName="Gender" Type="string" IsNullable="true" Length="30" Autogenerated="false"/>
        <SyncAttribute SourceName="group_id" GlobalName="group_id" Type="string" IsNullable="true" Length="32" Autogenerated="false"/>
        <SyncAttribute SourceName="Id" GlobalName="Id" Type="string" IsNullable="false" Length="32" Autogenerated="false"/>
        <SyncAttribute SourceName="Interests" GlobalName="Interests" Type="string" IsNullable="true" Length="255" Autogenerated="false"/>
        <SyncAttribute SourceName="IsEmployee" GlobalName="IsEmployee" Type="string" IsNullable="true" Length="10" Autogenerated="false"/>
        <SyncAttribute SourceName="Job_Location" GlobalName="Job_Location" Type="string" IsNullable="true" Length="64" Autogenerated="false"/>
        <SyncAttribute SourceName="JoiningDate" GlobalName="JoiningDate" Type="date" IsNullable="true" Length="8" Autogenerated="false"/>
        <SyncAttribute SourceName="lastmodifiedts" GlobalName="lastmodifiedts" Type="string" IsNullable="true" Length="14" Autogenerated="false"/>
        <SyncAttribute SourceName="Last_Name" GlobalName="Last_Name" Type="string" IsNullable="true" Length="32" Autogenerated="false"/>
        <SyncAttribute SourceName="Manager_Id" GlobalName="Manager_Id" Type="string" IsNullable="true" Length="32" Autogenerated="false"/>
        <SyncAttribute SourceName="Marital_Status_Id" GlobalName="Marital_Status_Id" Type="string" IsNullable="true" Length="30" Autogenerated="false"/>
        <SyncAttribute SourceName="Marriage_date" GlobalName="Marriage_date" Type="date" IsNullable="true" Length="8" Autogenerated="false"/>
        <SyncAttribute SourceName="Media_Id" GlobalName="Media_Id" Type="string" IsNullable="true" Length="10" Autogenerated="false"/>
        <SyncAttribute SourceName="Medical_needs" GlobalName="Medical_needs" Type="string" IsNullable="true" Length="255" Autogenerated="false"/>
        <SyncAttribute SourceName="Middle_Name" GlobalName="Middle_Name" Type="string" IsNullable="true" Length="32" Autogenerated="false"/>
        <SyncAttribute SourceName="Nationality" GlobalName="Nationality" Type="string" IsNullable="true" Length="100" Autogenerated="false"/>
        <SyncAttribute SourceName="Office_Id" GlobalName="Office_Id" Type="string" IsNullable="true" Length="32" Autogenerated="false"/>
        <SyncAttribute SourceName="Physical_disability" GlobalName="Physical_disability" Type="string" IsNullable="true" Length="10" Autogenerated="false"/>
        <SyncAttribute SourceName="Place_of_birth" GlobalName="Place_of_birth" Type="string" IsNullable="true" Length="100" Autogenerated="false"/>
        <SyncAttribute SourceName="Preffered_name" GlobalName="Preffered_name" Type="string" IsNullable="true" Length="100" Autogenerated="false"/>
        <SyncAttribute SourceName="RH_factor" GlobalName="RH_factor" Type="string" IsNullable="true" Length="10" Autogenerated="false"/>
        <SyncAttribute SourceName="softdeleteflag" GlobalName="softdeleteflag" Type="string" IsNullable="false" Length="1" Autogenerated="false"/>
        <SyncAttribute SourceName="Suffix" GlobalName="Suffix" Type="string" IsNullable="true" Length="30" Autogenerated="false"/>
        <SyncAttribute SourceName="Title" GlobalName="Title" Type="string" IsNullable="true" Length="32" Autogenerated="false"/>
        <SyncAttribute SourceName="User_Id" GlobalName="User_Id" Type="string" IsNullable="false" Length="12" Autogenerated="false"/>
    </SyncAttributes>
    <Relationships>
        <ManyToOne TargetObject="Communication_Channel" Cascade="false">
            <RelationshipAttribute TargetObjectAttribute="Employee_Id" SourceObjectAttribute="Id"/>
        </ManyToOne>
        <ManyToOne TargetObject="mediaEmployee" Cascade="false">
            <RelationshipAttribute TargetObjectAttribute="name" SourceObjectAttribute="Media_Id"/>
        </ManyToOne>
    </Relationships>
    <FilterParameters>
        <ClientFilterParameters/>
        <ServerFilterParameters/>
    </FilterParameters>
    <UpdateTimeStampAttribute GlobalName="lastmodifiedts" DateFormat="yyyyMMddHHmmss" Ignore="false"/>
    <SoftDeleteFlagAttribute GlobalName="softdeleteflag" InactiveValue="X" Ignore="false"/>
    <Operations>
        <Operation Name="getUpdated" DataSource="Employee" ServiceID="queryHCMEMPASSIGNMENT9585">
            <InputHeader AutoAttributeMapping="true">
                <Param Name="KonySAP-Request-Timestamp" SourceValue="#if($!{CONTEXT.InitialSync}!='true')*#end" Source="TEMPLATE"/>
            </InputHeader>
            <Input AutoAttributeMapping="true">
                <Param Name="$batchsize" SourceValue="BATCH_SIZE" Source="CONTEXT"/>
                <Param Name="$expand" SourceValue="Communication_Channel,mediaEmployee" Source="CONSTANT"/>
            </Input>
            <Output AutoAttributeMapping="true">
                <Param Name="nextBatchId" SourceValue="batchid" Source="CONTEXT"/>
                <Param Name="hasMoreRecords" SourceValue="MORE_CHANGES_AVAILABLE" Source="CONTEXT"/>
            </Output>
            <SupportedObjects>
                <supported-object objectid="Employee">
                    <supported-object objectid="Communication_Channel"/>
                    <supported-object objectid="mediaEmployee"/>
                </supported-object>
            </SupportedObjects>
        </Operation>
        <Operation Name="getBatch" DataSource="Employee" ServiceID="queryHCMEMPASSIGNMENT9585">
            <InputHeader AutoAttributeMapping="true">
                <Param Name="KonySAP-Request-Timestamp" SourceValue="#if($!{CONTEXT.InitialSync}!='true')*#end" Source="TEMPLATE"/>
            </InputHeader>
            <Input AutoAttributeMapping="true">
                <Param Name="$batchsize" SourceValue="BATCH_SIZE" Source="CONTEXT"/>
                <Param Name="$expand" SourceValue="Communication_Channel,mediaEmployee" Source="CONSTANT"/>
                <Param Name="$batchid" SourceValue="batchid" Source="CONTEXT"/>
            </Input>
            <Output AutoAttributeMapping="true">
                <Param Name="nextBatchId" SourceValue="batchid" Source="CONTEXT"/>
                <Param Name="hasMoreRecords" SourceValue="MORE_CHANGES_AVAILABLE" Source="CONTEXT"/>
            </Output>
            <SupportedObjects>
                <supported-object objectid="Employee">
                    <supported-object objectid="Communication_Channel"/>
                    <supported-object objectid="mediaEmployee"/>
                </supported-object>
            </SupportedObjects>
        </Operation>
        <Operation Name="Update" DataSource="Employee" ServiceID="partialupdateHCMEMPASSIGNMENT6286">
            <InputHeader AutoAttributeMapping="true"/>
            <Input AutoAttributeMapping="true"/>
            <Output AutoAttributeMapping="true"/>
            <SupportedObjects>
                <supported-object objectid="Employee">
                    <supported-object objectid="mediaEmployee"/>
                </supported-object>
            </SupportedObjects>
        </Operation>
    </Operations>
    <field-mappings>
        <mapping-field sourceField="Id" targetField="EMPNUMBER"/>
        <mapping-field sourceField="softdeleteflag" targetField="DELETE_IND"/>
        <mapping-field sourceField="lastmodifiedts" targetField="TIMESTAMP"/>
    </field-mappings>
    <object-source-mappings>
        <object-source sourceObject="HCM_EMP_ASSIGNMENT">
            <object-source sourceObject="HCM_PERSONAL_DATA">
                <object-source sourceObject="HCM_PERSDATA_ATTACHMENTS">
                    <object-source sourceObject="media"/>
                </object-source>
            </object-source>
            <object-source sourceObject="HCM_EMP_MOREORG_DATA"/>
            <object-source sourceObject="HCM_PROFILE_PERS_SUB">
                <object-source sourceObject="HCM_SUB_PERS_DATA">
                    <object-source sourceObject="HCM_SUB_ATTACHMENTS">
                        <object-source sourceObject="media"/>
                    </object-source>
                </object-source>
            </object-source>
            <object-source sourceObject="HCM_PROFILE_MGR_SUBORD">
                <object-source sourceObject="HCM_MGR_PERSONAL_DATA">
                    <object-source sourceObject="HCM_MGRDATA_ATTACHMENTS">
                        <object-source sourceObject="media"/>
                    </object-source>
                    <object-source sourceObject="HCM_PROFILE_TEAM">
                        <object-source sourceObject="HCM_TEAM_PERS_DATA">
                            <object-source sourceObject="HCM_TEAM_ATTACHMENTS">
<object-source sourceObject="media"/>
                            </object-source>
                        </object-source>
                    </object-source>
                    <object-source sourceObject="HCM_MGR_COMMUNICATION"/>
                </object-source>
            </object-source>
            <object-source sourceObject="HCM_EMP_MEDICAL_DATA"/>
            <object-source sourceObject="HCM_COMMUNICATION_DETAILS"/>
        </object-source>
    </object-source-mappings>
</SyncObject>
