<?xml version="1.0" encoding="UTF-8" standalone="yes"?>
<SyncObject Generated="false" SourceName="Holiday" GlobalName="Holiday">
    <SyncAttributes>
        <Key>
            <Attribute GlobalName="Holiday_Date"/>
        </Key>
        <SyncAttribute SourceName="Holiday_Date" GlobalName="Holiday_Date" Type="string" IsNullable="false" Length="10" Autogenerated="false"/>
        <SyncAttribute SourceName="Id" GlobalName="Id" Type="string" IsNullable="false" Length="10" Autogenerated="false"/>
        <SyncAttribute SourceName="lastmodifiedts" GlobalName="lastmodifiedts" Type="string" IsNullable="true" Length="14" Autogenerated="false"/>
        <SyncAttribute SourceName="Name" GlobalName="Name" Type="string" IsNullable="true" Length="10" Autogenerated="false"/>
        <SyncAttribute SourceName="softdeleteflag" GlobalName="softdeleteflag" Type="string" IsNullable="true" Length="1" Autogenerated="false"/>
        <SyncAttribute SourceName="Type" GlobalName="Type" Type="string" IsNullable="true" Length="10" Autogenerated="false"/>
    </SyncAttributes>
    <Relationships/>
    <FilterParameters>
        <ClientFilterParameters/>
        <ServerFilterParameters/>
    </FilterParameters>
    <UpdateTimeStampAttribute GlobalName="lastmodifiedts" DateFormat="yyyyMMddHHmmss" Ignore="false"/>
    <SoftDeleteFlagAttribute GlobalName="softdeleteflag" InactiveValue="X" Ignore="false"/>
    <Operations>
        <Operation Name="getUpdated" DataSource="Employee" ServiceID="queryEMPLOYEEHOLIDAYCALENDER3453">
            <InputHeader AutoAttributeMapping="true">
                <Param Name="KonySAP-Request-Timestamp" SourceValue="#if($!{CONTEXT.InitialSync}!='true')*#end" Source="TEMPLATE"/>
            </InputHeader>
            <Input AutoAttributeMapping="true">
                <Param Name="$batchsize" SourceValue="BATCH_SIZE" Source="CONTEXT"/>
            </Input>
            <Output AutoAttributeMapping="true">
                <Param Name="nextBatchId" SourceValue="batchid" Source="CONTEXT"/>
                <Param Name="hasMoreRecords" SourceValue="MORE_CHANGES_AVAILABLE" Source="CONTEXT"/>
            </Output>
        </Operation>
        <Operation Name="getBatch" DataSource="Employee" ServiceID="queryEMPLOYEEHOLIDAYCALENDER3453">
            <InputHeader AutoAttributeMapping="true">
                <Param Name="KonySAP-Request-Timestamp" SourceValue="#if($!{CONTEXT.InitialSync}!='true')*#end" Source="TEMPLATE"/>
            </InputHeader>
            <Input AutoAttributeMapping="true">
                <Param Name="$batchsize" SourceValue="BATCH_SIZE" Source="CONTEXT"/>
                <Param Name="$batchid" SourceValue="batchid" Source="CONTEXT"/>
            </Input>
            <Output AutoAttributeMapping="true">
                <Param Name="nextBatchId" SourceValue="batchid" Source="CONTEXT"/>
                <Param Name="hasMoreRecords" SourceValue="MORE_CHANGES_AVAILABLE" Source="CONTEXT"/>
            </Output>
        </Operation>
    </Operations>
    <field-mappings>
        <mapping-field sourceField="softdeleteflag" targetField="DELETE_IND"/>
        <mapping-field sourceField="lastmodifiedts" targetField="TIMESTAMP"/>
    </field-mappings>
    <object-source-mappings>
        <object-source sourceObject="HCM_HOL_CALENDAR"/>
    </object-source-mappings>
</SyncObject>
