<?xml version="1.0" encoding="UTF-8" standalone="yes"?>
<SyncObject Generated="true" SourceName="mediaEmployee" GlobalName="mediaEmployee">
    <SyncAttributes>
        <Key>
            <Attribute GlobalName="name"/>
        </Key>
        <SyncAttribute SourceName="classField" GlobalName="classField" Type="string" IsNullable="true" Length="40" Autogenerated="false"/>
        <SyncAttribute SourceName="classValue" GlobalName="classValue" Type="string" IsNullable="true" Length="40" Autogenerated="false"/>
        <SyncAttribute SourceName="description" GlobalName="description" Type="string" IsNullable="false" Length="60" Autogenerated="false"/>
        <SyncAttribute SourceName="extension" GlobalName="extension" Type="string" IsNullable="false" Length="8" Autogenerated="false"/>
        <SyncAttribute SourceName="group" GlobalName="group" Type="string" IsNullable="true" Length="20" Autogenerated="false"/>
        <SyncAttribute SourceName="name" GlobalName="name" Type="string" IsNullable="false" Length="32" Autogenerated="true"/>
        <SyncAttribute SourceName="ondemand" GlobalName="ondemand" Type="string" IsNullable="true" Length="20" Autogenerated="false"/>
        <SyncAttribute SourceName="type" GlobalName="type" Type="string" IsNullable="false" Length="15" Autogenerated="false"/>
        <SyncAttribute SourceName="url" GlobalName="url" Type="binary" IsNullable="true" Length="0" Autogenerated="false">
            <ConfigParams>
                <ConfigParam Name="extension" Value="extension"/>
                <ConfigParam Name="format" Value="type"/>
                <ConfigParam Name="description" Value="description"/>
                <ConfigParam Name="id" Value="name"/>
                <ConfigParam Name="downloadToDevice" Value="ondemand"/>
                <ConfigParam Name="contentType" Value="URL"/>
                <ConfigParam Name="downloadToDeviceField" Value="ondemand"/>
            </ConfigParams>
        </SyncAttribute>
    </SyncAttributes>
    <Relationships/>
    <FilterParameters>
        <ClientFilterParameters/>
        <ServerFilterParameters/>
    </FilterParameters>
    <UpdateTimeStampAttribute Ignore="true"/>
    <SoftDeleteFlagAttribute Ignore="true"/>
    <Operations>
        <Operation Name="BinaryInsert" DataSource="Employee" ServiceID="createBinarymedia1576">
            <Input>
                <Param Name="data" SourceValue="FieldValue" Source="BINARYCONTEXT"/>
                <Param Name="fieldName" SourceValue="FieldName" Source="BINARYCONTEXT"/>
                <Param Name="name" SourceValue="name" Source="ATTRIBUTE"/>
            </Input>
            <Output>
                <Param Name="name" SourceValue="name" Source="ATTRIBUTE"/>
            </Output>
        </Operation>
        <Operation Name="Create" DataSource="Employee" ServiceID="createmedia1518">
            <InputHeader AutoAttributeMapping="true"/>
            <Input AutoAttributeMapping="true"/>
            <Output AutoAttributeMapping="true"/>
        </Operation>
        <Operation Name="BinaryGet" DataSource="Employee" ServiceID="queryBinarymedia7776">
            <Input>
                <Param Name="data" SourceValue="FieldValue" Source="BINARYCONTEXT"/>
                <Param Name="fieldName" SourceValue="FieldName" Source="BINARYCONTEXT"/>
                <Param Name="name" SourceValue="name" Source="ATTRIBUTE"/>
            </Input>
            <Output>
                <Param Name="data" SourceValue="FieldValue" Source="BINARYCONTEXT"/>
            </Output>
        </Operation>
        <Operation Name="Update" DataSource="Employee" ServiceID="partialupdatemedia2376">
            <InputHeader AutoAttributeMapping="true"/>
            <Input AutoAttributeMapping="true"/>
            <Output AutoAttributeMapping="true"/>
        </Operation>
        <Operation Name="Delete" DataSource="Employee" ServiceID="deletemedia4867">
            <InputHeader AutoAttributeMapping="true"/>
            <Input AutoAttributeMapping="true"/>
            <Output AutoAttributeMapping="true"/>
        </Operation>
        <Operation Name="BinaryDelete" DataSource="Employee" ServiceID="deleteBinarymedia9230">
            <Input>
                <Param Name="data" SourceValue="FieldValue" Source="BINARYCONTEXT"/>
                <Param Name="fieldName" SourceValue="FieldName" Source="BINARYCONTEXT"/>
                <Param Name="name" SourceValue="name" Source="ATTRIBUTE"/>
            </Input>
            <Output/>
        </Operation>
        <Operation Name="BinaryUpdate" DataSource="Employee" ServiceID="updateBinarymedia2060">
            <Input>
                <Param Name="data" SourceValue="FieldValue" Source="BINARYCONTEXT"/>
                <Param Name="fieldName" SourceValue="FieldName" Source="BINARYCONTEXT"/>
                <Param Name="name" SourceValue="name" Source="ATTRIBUTE"/>
            </Input>
            <Output>
                <Param Name="name" SourceValue="name" Source="ATTRIBUTE"/>
            </Output>
        </Operation>
    </Operations>
    <field-mappings>
        <mapping-field sourceField="classField" targetField="classField"/>
        <mapping-field sourceField="classValue" targetField="classValue"/>
        <mapping-field sourceField="description" targetField="description"/>
        <mapping-field sourceField="extension" targetField="extension"/>
        <mapping-field sourceField="group" targetField="group"/>
        <mapping-field sourceField="name" targetField="name"/>
        <mapping-field sourceField="type" targetField="type"/>
        <mapping-field sourceField="url" targetField="url"/>
    </field-mappings>
    <object-source-mappings>
        <object-source sourceObject="media"/>
    </object-source-mappings>
</SyncObject>
