[ {
  "entityTypeId" : "1981de9d-4b41-40ca-a8b1-44e5fb994332",
  "id" : "ab2f70f1-2c31-487d-8d27-daa77a499ae3",
  "name" : "comments",
  "dataType" : "string",
  "hasIndex" : false,
  "unique" : false,
  "primarykey" : false,
  "namefield" : false,
  "nullable" : true,
  "custom" : true,
  "createable" : true,
  "updateable" : true,
  "audit" : false,
  "customizable" : false,
  "fieldLength" : 256,
  "fieldOrder" : 0,
  "fieldProperties" : {
    "autoGenerated" : "false"
  }
}, {
  "entityTypeId" : "1981de9d-4b41-40ca-a8b1-44e5fb994332",
  "id" : "9199caea-b388-45ab-9176-2d9d96a966ee",
  "name" : "createdts",
  "dataType" : "string",
  "hasIndex" : false,
  "unique" : false,
  "primarykey" : false,
  "namefield" : false,
  "nullable" : true,
  "custom" : true,
  "createable" : true,
  "updateable" : true,
  "audit" : false,
  "customizable" : false,
  "fieldLength" : 14,
  "fieldOrder" : 0,
  "fieldProperties" : {
    "autoGenerated" : "false"
  }
}, {
  "entityTypeId" : "1981de9d-4b41-40ca-a8b1-44e5fb994332",
  "id" : "5a98bcdd-adf5-4ca7-bb04-97c3ae87a52d",
  "name" : "delegation_group_id",
  "dataType" : "string",
  "hasIndex" : false,
  "unique" : false,
  "primarykey" : false,
  "namefield" : false,
  "nullable" : false,
  "custom" : true,
  "createable" : true,
  "updateable" : true,
  "audit" : false,
  "customizable" : false,
  "fieldLength" : 32,
  "fieldOrder" : 0,
  "fieldProperties" : {
    "autoGenerated" : "false"
  }
}, {
  "entityTypeId" : "1981de9d-4b41-40ca-a8b1-44e5fb994332",
  "id" : "2b618df5-95d9-4bb0-97da-23d677812908",
  "name" : "delegator_id",
  "dataType" : "string",
  "hasIndex" : false,
  "unique" : false,
  "primarykey" : false,
  "namefield" : false,
  "nullable" : false,
  "custom" : true,
  "createable" : true,
  "updateable" : true,
  "audit" : false,
  "customizable" : false,
  "fieldLength" : 32,
  "fieldOrder" : 0,
  "fieldProperties" : {
    "autoGenerated" : "false"
  }
}, {
  "entityTypeId" : "1981de9d-4b41-40ca-a8b1-44e5fb994332",
  "id" : "20d2e86c-da60-4c65-8d14-c55c451fe8bb",
  "name" : "employee_id",
  "dataType" : "string",
  "hasIndex" : false,
  "unique" : false,
  "primarykey" : false,
  "namefield" : false,
  "nullable" : false,
  "custom" : true,
  "createable" : true,
  "updateable" : true,
  "audit" : false,
  "customizable" : false,
  "fieldLength" : 32,
  "fieldOrder" : 0,
  "fieldProperties" : {
    "autoGenerated" : "false"
  }
}, {
  "entityTypeId" : "1981de9d-4b41-40ca-a8b1-44e5fb994332",
  "id" : "c38575a5-2b2e-403e-8771-bc1b02a5f193",
  "name" : "end_date",
  "dataType" : "string",
  "hasIndex" : false,
  "unique" : false,
  "primarykey" : false,
  "namefield" : false,
  "nullable" : true,
  "custom" : true,
  "createable" : true,
  "updateable" : true,
  "audit" : false,
  "customizable" : false,
  "fieldLength" : 8,
  "fieldOrder" : 0,
  "fieldProperties" : {
    "autoGenerated" : "false"
  }
}, {
  "entityTypeId" : "1981de9d-4b41-40ca-a8b1-44e5fb994332",
  "id" : "ad8997db-60ad-4d22-a93e-756d6fcb4278",
  "name" : "id",
  "dataType" : "string",
  "hasIndex" : false,
  "unique" : false,
  "primarykey" : true,
  "namefield" : false,
  "nullable" : false,
  "custom" : true,
  "createable" : true,
  "updateable" : true,
  "audit" : false,
  "customizable" : false,
  "fieldLength" : 32,
  "fieldOrder" : 0,
  "fieldProperties" : {
    "autoGenerated" : "false"
  }
}, {
  "entityTypeId" : "1981de9d-4b41-40ca-a8b1-44e5fb994332",
  "id" : "94d61daa-00f3-477d-8154-153a084b3a68",
  "name" : "lastmodifiedts",
  "dataType" : "string",
  "hasIndex" : false,
  "unique" : false,
  "primarykey" : false,
  "namefield" : false,
  "nullable" : true,
  "custom" : true,
  "createable" : true,
  "updateable" : true,
  "audit" : false,
  "customizable" : false,
  "fieldLength" : 14,
  "fieldOrder" : 0,
  "fieldProperties" : {
    "autoGenerated" : "false"
  }
}, {
  "entityTypeId" : "1981de9d-4b41-40ca-a8b1-44e5fb994332",
  "id" : "7488a139-ff77-4adb-98cc-376f953d5d02",
  "name" : "request_type_id",
  "dataType" : "string",
  "hasIndex" : false,
  "unique" : false,
  "primarykey" : false,
  "namefield" : false,
  "nullable" : false,
  "custom" : true,
  "createable" : true,
  "updateable" : true,
  "audit" : false,
  "customizable" : false,
  "fieldLength" : 32,
  "fieldOrder" : 0,
  "fieldProperties" : {
    "autoGenerated" : "false"
  }
}, {
  "entityTypeId" : "1981de9d-4b41-40ca-a8b1-44e5fb994332",
  "id" : "46bb38c2-72f1-4f9f-a925-54efa770f25e",
  "name" : "softdeletedflag",
  "dataType" : "string",
  "hasIndex" : false,
  "unique" : false,
  "primarykey" : false,
  "namefield" : false,
  "nullable" : true,
  "custom" : true,
  "createable" : true,
  "updateable" : true,
  "audit" : false,
  "customizable" : false,
  "fieldLength" : 1,
  "fieldOrder" : 0,
  "fieldProperties" : {
    "autoGenerated" : "false"
  }
}, {
  "entityTypeId" : "1981de9d-4b41-40ca-a8b1-44e5fb994332",
  "id" : "656fdb69-50f3-4201-bb24-9edecfaff7e1",
  "name" : "start_date",
  "dataType" : "string",
  "hasIndex" : false,
  "unique" : false,
  "primarykey" : false,
  "namefield" : false,
  "nullable" : false,
  "custom" : true,
  "createable" : true,
  "updateable" : true,
  "audit" : false,
  "customizable" : false,
  "fieldLength" : 8,
  "fieldOrder" : 0,
  "fieldProperties" : {
    "autoGenerated" : "false"
  }
}, {
  "entityTypeId" : "1981de9d-4b41-40ca-a8b1-44e5fb994332",
  "id" : "0e29c546-6d0a-4b6c-9da2-083319d1d7e4",
  "name" : "status_id",
  "dataType" : "string",
  "hasIndex" : false,
  "unique" : true,
  "primarykey" : false,
  "namefield" : false,
  "nullable" : false,
  "custom" : true,
  "createable" : true,
  "updateable" : true,
  "audit" : false,
  "customizable" : false,
  "fieldLength" : 12,
  "fieldOrder" : 0,
  "fieldProperties" : {
    "autoGenerated" : "false"
  }
} ]