[ {
  "entityTypeId" : "1d67a87c-d429-40a6-ba2d-15e65059b750",
  "id" : "0802ae87-bb46-4b39-867f-79b3c4b0e186",
  "name" : "createdts",
  "sourceFieldname" : "TIMESTAMP",
  "description" : "Timestamp",
  "dataType" : "string",
  "hasIndex" : false,
  "unique" : false,
  "primarykey" : false,
  "namefield" : false,
  "nullable" : true,
  "custom" : false,
  "createable" : true,
  "updateable" : true,
  "audit" : false,
  "customizable" : false,
  "fieldLength" : 14,
  "fieldOrder" : 0,
  "fieldProperties" : {
    "autoGenerated" : "false"
  }
}, {
  "entityTypeId" : "1d67a87c-d429-40a6-ba2d-15e65059b750",
  "id" : "1de67589-60d5-4aaa-8c5c-5157cb1393b9",
  "name" : "description",
  "dataType" : "string",
  "hasIndex" : false,
  "unique" : false,
  "primarykey" : false,
  "namefield" : false,
  "nullable" : true,
  "custom" : true,
  "createable" : true,
  "updateable" : true,
  "audit" : false,
  "customizable" : false,
  "fieldLength" : 100,
  "fieldOrder" : 0,
  "fieldProperties" : {
    "autoGenerated" : "false"
  }
}, {
  "entityTypeId" : "1d67a87c-d429-40a6-ba2d-15e65059b750",
  "id" : "73c971c1-b73b-4743-831f-004fc3a7756d",
  "name" : "id",
  "sourceFieldname" : "WFLOW_TYPE",
  "description" : "Workflow Type",
  "dataType" : "string",
  "hasIndex" : false,
  "unique" : false,
  "primarykey" : true,
  "namefield" : false,
  "nullable" : false,
  "custom" : false,
  "createable" : true,
  "updateable" : true,
  "audit" : false,
  "customizable" : false,
  "fieldLength" : 32,
  "fieldOrder" : 0,
  "fieldProperties" : {
    "autoGenerated" : "false"
  }
}, {
  "entityTypeId" : "1d67a87c-d429-40a6-ba2d-15e65059b750",
  "id" : "4a1b5f5b-c669-4780-859c-c92476c632b1",
  "name" : "lastmodifiedts",
  "sourceFieldname" : "TIMESTAMP",
  "description" : "Timestamp",
  "dataType" : "string",
  "hasIndex" : false,
  "unique" : false,
  "primarykey" : false,
  "namefield" : false,
  "nullable" : true,
  "custom" : false,
  "createable" : true,
  "updateable" : true,
  "audit" : false,
  "customizable" : false,
  "fieldLength" : 14,
  "fieldOrder" : 0,
  "fieldProperties" : {
    "autoGenerated" : "false"
  }
}, {
  "entityTypeId" : "1d67a87c-d429-40a6-ba2d-15e65059b750",
  "id" : "1fc25759-9f80-48d3-974a-5b12db14145b",
  "name" : "softdeletedlag",
  "sourceFieldname" : "DELETE_IND",
  "description" : "Delete local function data",
  "dataType" : "string",
  "hasIndex" : false,
  "unique" : false,
  "primarykey" : false,
  "namefield" : false,
  "nullable" : true,
  "custom" : false,
  "createable" : true,
  "updateable" : true,
  "audit" : false,
  "customizable" : false,
  "fieldLength" : 1,
  "fieldOrder" : 0,
  "fieldProperties" : {
    "autoGenerated" : "false"
  }
} ]