[ {
  "entityTypeId" : "d4462a3f-cec6-4cfb-bf33-d32474b8c6dd",
  "id" : "3ef479dd-b98e-446b-b421-a896eb9fdc74",
  "name" : "createdts",
  "dataType" : "string",
  "hasIndex" : false,
  "unique" : false,
  "primarykey" : false,
  "namefield" : false,
  "nullable" : true,
  "custom" : true,
  "createable" : true,
  "updateable" : true,
  "audit" : false,
  "customizable" : false,
  "fieldLength" : 14,
  "fieldOrder" : 0,
  "fieldProperties" : {
    "autoGenerated" : "false"
  }
}, {
  "entityTypeId" : "d4462a3f-cec6-4cfb-bf33-d32474b8c6dd",
  "id" : "f96d534e-ffe2-406a-ab8d-2c9434779957",
  "name" : "id",
  "sourceFieldname" : "WFLOW_TYPE",
  "description" : "Workflow Type",
  "dataType" : "string",
  "hasIndex" : false,
  "unique" : false,
  "primarykey" : true,
  "namefield" : false,
  "nullable" : false,
  "custom" : false,
  "createable" : true,
  "updateable" : true,
  "audit" : false,
  "customizable" : false,
  "fieldLength" : 32,
  "fieldOrder" : 0,
  "fieldProperties" : {
    "autoGenerated" : "false"
  }
}, {
  "entityTypeId" : "d4462a3f-cec6-4cfb-bf33-d32474b8c6dd",
  "id" : "6a4401b9-91d1-4b76-b490-bb9c52754679",
  "name" : "lastmodifiedts",
  "sourceFieldname" : "TIMESTAMP",
  "description" : "Timestamp",
  "dataType" : "string",
  "hasIndex" : false,
  "unique" : false,
  "primarykey" : false,
  "namefield" : false,
  "nullable" : true,
  "custom" : false,
  "createable" : true,
  "updateable" : true,
  "audit" : false,
  "customizable" : false,
  "fieldLength" : 14,
  "fieldOrder" : 0,
  "fieldProperties" : {
    "autoGenerated" : "false"
  }
}, {
  "entityTypeId" : "d4462a3f-cec6-4cfb-bf33-d32474b8c6dd",
  "id" : "c2b3a72e-51ec-4b6f-bfa4-755765aae99f",
  "name" : "name",
  "dataType" : "string",
  "hasIndex" : false,
  "unique" : false,
  "primarykey" : false,
  "namefield" : false,
  "nullable" : true,
  "custom" : true,
  "createable" : true,
  "updateable" : true,
  "audit" : false,
  "customizable" : false,
  "fieldLength" : 50,
  "fieldOrder" : 0,
  "fieldProperties" : {
    "autoGenerated" : "false"
  }
}, {
  "entityTypeId" : "d4462a3f-cec6-4cfb-bf33-d32474b8c6dd",
  "id" : "4bb8fef6-5eed-4a4d-bba6-33d4becc021a",
  "name" : "softdeletedflag",
  "sourceFieldname" : "DELETE_IND",
  "description" : "Delete local function data",
  "dataType" : "string",
  "hasIndex" : false,
  "unique" : false,
  "primarykey" : false,
  "namefield" : false,
  "nullable" : true,
  "custom" : false,
  "createable" : true,
  "updateable" : true,
  "audit" : false,
  "customizable" : false,
  "fieldLength" : 1,
  "fieldOrder" : 0,
  "fieldProperties" : {
    "autoGenerated" : "false"
  }
} ]