<?xml version="1.0" encoding="UTF-8" standalone="yes"?>
<SyncObject Generated="false" SourceName="approval_request" GlobalName="approval_request">
    <ConfigParams>
        <ConfigParam Name="download_batch_mode" Value="none"/>
    </ConfigParams>
    <SyncAttributes>
        <Key>
            <Attribute GlobalName="id"/>
        </Key>
        <SyncAttribute SourceName="category_id" GlobalName="category_id" Type="string" IsNullable="true" Length="32" Autogenerated="false"/>
        <SyncAttribute SourceName="createdts" GlobalName="createdts" Type="string" IsNullable="true" Length="14" Autogenerated="false"/>
        <SyncAttribute SourceName="Description" GlobalName="Description" Type="string" IsNullable="true" Length="100" Autogenerated="false"/>
        <SyncAttribute SourceName="due_date" GlobalName="due_date" Type="string" IsNullable="true" Length="8" Autogenerated="false"/>
        <SyncAttribute SourceName="employee_id" GlobalName="employee_id" Type="string" IsNullable="true" Length="32" Autogenerated="false"/>
        <SyncAttribute SourceName="id" GlobalName="id" Type="string" IsNullable="false" Length="32" Autogenerated="false"/>
        <SyncAttribute SourceName="IsLater" GlobalName="IsLater" Type="string" IsNullable="true" Length="1" Autogenerated="false"/>
        <SyncAttribute SourceName="IsRead" GlobalName="IsRead" Type="string" IsNullable="true" Length="1" Autogenerated="false"/>
        <SyncAttribute SourceName="lastmodifiedts" GlobalName="lastmodifiedts" Type="string" IsNullable="true" Length="14" Autogenerated="false"/>
        <SyncAttribute SourceName="media_id" GlobalName="media_id" Type="string" IsNullable="true" Length="32" Autogenerated="false"/>
        <SyncAttribute SourceName="request_date" GlobalName="request_date" Type="string" IsNullable="true" Length="8" Autogenerated="false"/>
        <SyncAttribute SourceName="request_id" GlobalName="request_id" Type="string" IsNullable="true" Length="12" Autogenerated="false"/>
        <SyncAttribute SourceName="softdeletedflag" GlobalName="softdeletedflag" Type="string" IsNullable="true" Length="1" Autogenerated="false"/>
        <SyncAttribute SourceName="status_id" GlobalName="status_id" Type="string" IsNullable="true" Length="12" Autogenerated="false"/>
        <SyncAttribute SourceName="type_id" GlobalName="type_id" Type="string" IsNullable="true" Length="32" Autogenerated="false"/>
    </SyncAttributes>
    <Relationships>
        <OneToMany TargetObject="approval_attachment" Cascade="false">
            <RelationshipAttribute TargetObjectAttribute="approval_id" SourceObjectAttribute="id"/>
        </OneToMany>
        <OneToMany TargetObject="approval_audit" Cascade="false">
            <RelationshipAttribute TargetObjectAttribute="request_id" SourceObjectAttribute="id"/>
        </OneToMany>
        <OneToMany TargetObject="attribute" Cascade="false">
            <RelationshipAttribute TargetObjectAttribute="id" SourceObjectAttribute="request_id"/>
        </OneToMany>
        <OneToMany TargetObject="request_approver" Cascade="false">
            <RelationshipAttribute TargetObjectAttribute="approval_id" SourceObjectAttribute="id"/>
        </OneToMany>
        <OneToMany TargetObject="request_category" Cascade="false">
            <RelationshipAttribute TargetObjectAttribute="id" SourceObjectAttribute="category_id"/>
        </OneToMany>
        <OneToMany TargetObject="request_note" Cascade="false">
            <RelationshipAttribute TargetObjectAttribute="approval_id" SourceObjectAttribute="id"/>
        </OneToMany>
    </Relationships>
    <FilterParameters>
        <ClientFilterParameters/>
        <ServerFilterParameters/>
    </FilterParameters>
    <UpdateTimeStampAttribute GlobalName="lastmodifiedts" DateFormat="yyyyMMddHHmmss" Ignore="false"/>
    <SoftDeleteFlagAttribute GlobalName="softdeletedflag" InactiveValue="X" Ignore="false"/>
    <Operations>
        <Operation Name="getUpdated" DataSource="MYAPPROVALS" ServiceID="queryWFDISTRIBUTION4605">
            <InputHeader AutoAttributeMapping="true">
                <Param Name="KonySAP-Request-Timestamp" SourceValue="#if($!{CONTEXT.InitialSync}!='true')*#end" Source="TEMPLATE"/>
            </InputHeader>
            <Input AutoAttributeMapping="true">
                <Param Name="$batchsize" SourceValue="BATCH_SIZE" Source="CONTEXT"/>
                <Param Name="$expand" SourceValue="approval_attachment/ApprovalMedia,approval_attachment/attachment_type,approval_audit,attribute/attribute_def/attribute_section,attribute/attribute_def/data_type,request_approver,request_category,request_note" Source="CONSTANT"/>
            </Input>
            <Output AutoAttributeMapping="true">
                <Param Name="nextBatchId" SourceValue="batchid" Source="CONTEXT"/>
                <Param Name="hasMoreRecords" SourceValue="MORE_CHANGES_AVAILABLE" Source="CONTEXT"/>
            </Output>
            <SupportedObjects>
                <supported-object objectid="approval_request">
                    <supported-object objectid="approval_attachment">
                        <supported-object objectid="ApprovalMedia"/>
                        <supported-object objectid="attachment_type"/>
                    </supported-object>
                    <supported-object objectid="approval_audit"/>
                    <supported-object objectid="attribute">
                        <supported-object objectid="attribute_def">
                            <supported-object objectid="attribute_section"/>
                            <supported-object objectid="data_type"/>
                        </supported-object>
                    </supported-object>
                    <supported-object objectid="request_approver"/>
                    <supported-object objectid="request_category"/>
                    <supported-object objectid="request_note"/>
                </supported-object>
            </SupportedObjects>
        </Operation>
        <Operation Name="getBatch" DataSource="MYAPPROVALS" ServiceID="queryWFDISTRIBUTION4605">
            <InputHeader AutoAttributeMapping="true">
                <Param Name="KonySAP-Request-Timestamp" SourceValue="#if($!{CONTEXT.InitialSync}!='true')*#end" Source="TEMPLATE"/>
            </InputHeader>
            <Input AutoAttributeMapping="true">
                <Param Name="$batchsize" SourceValue="BATCH_SIZE" Source="CONTEXT"/>
                <Param Name="$expand" SourceValue="approval_attachment/ApprovalMedia,approval_attachment/attachment_type,approval_audit,attribute/attribute_def/attribute_section,attribute/attribute_def/data_type,request_approver,request_category,request_note" Source="CONSTANT"/>
                <Param Name="$batchid" SourceValue="batchid" Source="CONTEXT"/>
            </Input>
            <Output AutoAttributeMapping="true">
                <Param Name="nextBatchId" SourceValue="batchid" Source="CONTEXT"/>
                <Param Name="hasMoreRecords" SourceValue="MORE_CHANGES_AVAILABLE" Source="CONTEXT"/>
            </Output>
            <SupportedObjects>
                <supported-object objectid="approval_request">
                    <supported-object objectid="approval_attachment">
                        <supported-object objectid="ApprovalMedia"/>
                        <supported-object objectid="attachment_type"/>
                    </supported-object>
                    <supported-object objectid="approval_audit"/>
                    <supported-object objectid="attribute">
                        <supported-object objectid="attribute_def">
                            <supported-object objectid="attribute_section"/>
                            <supported-object objectid="data_type"/>
                        </supported-object>
                    </supported-object>
                    <supported-object objectid="request_approver"/>
                    <supported-object objectid="request_category"/>
                    <supported-object objectid="request_note"/>
                </supported-object>
            </SupportedObjects>
        </Operation>
        <Operation Name="Update" DataSource="MYAPPROVALS" ServiceID="partialupdateapprovalrequest6649">
            <InputHeader AutoAttributeMapping="true"/>
            <Input AutoAttributeMapping="true"/>
            <Output AutoAttributeMapping="true"/>
            <SupportedObjects>
                <supported-object objectid="approval_request">
                    <supported-object objectid="approval_attachment">
                        <supported-object objectid="ApprovalMedia"/>
                    </supported-object>
                    <supported-object objectid="approval_audit"/>
                    <supported-object objectid="attribute"/>
                    <supported-object objectid="request_approver"/>
                    <supported-object objectid="request_category"/>
                    <supported-object objectid="request_note"/>
                </supported-object>
            </SupportedObjects>
        </Operation>
    </Operations>
    <field-mappings>
        <mapping-field sourceField="lastmodifiedts" targetField="TIMESTAMP"/>
        <mapping-field sourceField="request_id" targetField="DOCID"/>
        <mapping-field sourceField="softdeletedflag" targetField="DELETE_IND"/>
        <mapping-field sourceField="type_id" targetField="WFLOW_TYPE"/>
    </field-mappings>
    <object-source-mappings>
        <object-source sourceObject="WF_DISTRIBUTION">
            <object-source sourceObject="WF_WO_HDR"/>
            <object-source sourceObject="WF_AUDIT"/>
            <object-source sourceObject="WF_PR_HEADER"/>
            <object-source sourceObject="WF_AUDIT_TRIAL"/>
            <object-source sourceObject="WF_EXPENSE_ENTRY_HEADER">
                <object-source sourceObject="WF_EXPENSE_ENTRY_DETAIL"/>
            </object-source>
            <object-source sourceObject="WF_APPROVAL_NOTE"/>
            <object-source sourceObject="WF_ATTRIBUTES"/>
            <object-source sourceObject="WF_OBJECT"/>
            <object-source sourceObject="WF_PO_HEADER"/>
            <object-source sourceObject="WF_ATTACHMENTS">
                <object-source sourceObject="media"/>
            </object-source>
            <object-source sourceObject="WF_PDF_SUMMARY">
                <object-source sourceObject="media"/>
            </object-source>
            <object-source sourceObject="WF_LEAVE_REQUEST_ENTRY"/>
        </object-source>
    </object-source-mappings>
</SyncObject>
