<?xml version="1.0" encoding="UTF-8" standalone="yes"?>
<SyncObject Generated="true" SourceName="approval_audit" GlobalName="approval_audit">
    <ConfigParams>
        <ConfigParam Name="download_batch_mode" Value="buffer"/>
    </ConfigParams>
    <SyncAttributes>
        <Key>
            <Attribute GlobalName="id"/>
        </Key>
        <SyncAttribute SourceName="createdts" GlobalName="createdts" Type="string" IsNullable="true" Length="14" Autogenerated="false"/>
        <SyncAttribute SourceName="description" GlobalName="description" Type="string" IsNullable="true" Length="128" Autogenerated="false"/>
        <SyncAttribute SourceName="employee_id" GlobalName="employee_id" Type="string" IsNullable="false" Length="10" Autogenerated="false"/>
        <SyncAttribute SourceName="error_msg" GlobalName="error_msg" Type="string" IsNullable="true" Length="128" Autogenerated="false"/>
        <SyncAttribute SourceName="id" GlobalName="id" Type="string" IsNullable="false" Length="32" Autogenerated="false"/>
        <SyncAttribute SourceName="lastmodified" GlobalName="lastmodified" Type="string" IsNullable="true" Length="14" Autogenerated="false"/>
        <SyncAttribute SourceName="request_id" GlobalName="request_id" Type="string" IsNullable="false" Length="1" Autogenerated="false"/>
        <SyncAttribute SourceName="softdeletedflag" GlobalName="softdeletedflag" Type="string" IsNullable="true" Length="32" Autogenerated="false"/>
        <SyncAttribute SourceName="status_id" GlobalName="status_id" Type="string" IsNullable="true" Length="32" Autogenerated="false"/>
    </SyncAttributes>
    <Relationships/>
    <FilterParameters>
        <ClientFilterParameters/>
        <ServerFilterParameters/>
    </FilterParameters>
    <UpdateTimeStampAttribute GlobalName="lastmodified" DateFormat="yyyyMMddHHmmss" Ignore="false"/>
    <SoftDeleteFlagAttribute GlobalName="softdeletedflag" InactiveValue="X" Ignore="false"/>
    <Operations/>
    <field-mappings/>
    <object-source-mappings>
        <object-source sourceObject="WF_AUDIT_TRIAL"/>
    </object-source-mappings>
</SyncObject>
