<?xml version="1.0" encoding="UTF-8" standalone="yes"?>
<SyncObject Generated="true" SourceName="approval_attachment" GlobalName="approval_attachment">
    <SyncAttributes>
        <Key>
            <Attribute GlobalName="id"/>
        </Key>
        <SyncAttribute SourceName="approval_detail_id" GlobalName="approval_detail_id" Type="string" IsNullable="true" Length="10" Autogenerated="false"/>
        <SyncAttribute SourceName="approval_id" GlobalName="approval_id" Type="string" IsNullable="true" Length="10" Autogenerated="false"/>
        <SyncAttribute SourceName="id" GlobalName="id" Type="string" IsNullable="false" Length="10" Autogenerated="false"/>
        <SyncAttribute SourceName="lastmodifiedts" GlobalName="lastmodifiedts" Type="string" IsNullable="true" Length="14" Autogenerated="false"/>
        <SyncAttribute SourceName="media_id" GlobalName="media_id" Type="string" IsNullable="true" Length="10" Autogenerated="false"/>
        <SyncAttribute SourceName="softdeleteflag" GlobalName="softdeleteflag" Type="string" IsNullable="true" Length="1" Autogenerated="false"/>
        <SyncAttribute SourceName="type_id" GlobalName="type_id" Type="string" IsNullable="true" Length="10" Autogenerated="false"/>
    </SyncAttributes>
    <Relationships>
        <OneToMany TargetObject="ApprovalMedia" Cascade="false">
            <RelationshipAttribute TargetObjectAttribute="name" SourceObjectAttribute="media_id"/>
        </OneToMany>
        <ManyToOne TargetObject="attachment_type" Cascade="false">
            <RelationshipAttribute TargetObjectAttribute="id" SourceObjectAttribute="type_id"/>
        </ManyToOne>
    </Relationships>
    <FilterParameters>
        <ClientFilterParameters/>
        <ServerFilterParameters/>
    </FilterParameters>
    <UpdateTimeStampAttribute GlobalName="lastmodifiedts" DateFormat="yyyyMMddHHmmss" Ignore="false"/>
    <SoftDeleteFlagAttribute GlobalName="softdeleteflag" InactiveValue="X" Ignore="false"/>
    <Operations/>
    <field-mappings>
        <mapping-field sourceField="softdeleteflag" targetField="DELETE_IND"/>
        <mapping-field sourceField="lastmodifiedts" targetField="TIMESTAMP"/>
    </field-mappings>
    <object-source-mappings>
        <object-source sourceObject="WF_DISTRIBUTION"/>
    </object-source-mappings>
</SyncObject>
