<?xml version="1.0" encoding="UTF-8" standalone="yes"?>
<SyncObject Generated="true" SourceName="attachment_type" GlobalName="attachment_type">
    <SyncAttributes>
        <Key>
            <Attribute GlobalName="id"/>
        </Key>
        <SyncAttribute SourceName="createdts" GlobalName="createdts" Type="string" IsNullable="true" Length="10" Autogenerated="false"/>
        <SyncAttribute SourceName="id" GlobalName="id" Type="string" IsNullable="false" Length="12" Autogenerated="false"/>
        <SyncAttribute SourceName="lastmodifiedts" GlobalName="lastmodifiedts" Type="string" IsNullable="true" Length="14" Autogenerated="false"/>
        <SyncAttribute SourceName="name" GlobalName="name" Type="string" IsNullable="true" Length="50" Autogenerated="false"/>
        <SyncAttribute SourceName="SoftdeleteFlag" GlobalName="SoftdeleteFlag" Type="string" IsNullable="true" Length="1" Autogenerated="false"/>
    </SyncAttributes>
    <Relationships/>
    <FilterParameters>
        <ClientFilterParameters/>
        <ServerFilterParameters/>
    </FilterParameters>
    <UpdateTimeStampAttribute GlobalName="lastmodifiedts" DateFormat="yyyyMMddHHmmss" Ignore="false"/>
    <SoftDeleteFlagAttribute GlobalName="SoftdeleteFlag" InactiveValue="X" Ignore="false"/>
    <Operations/>
    <field-mappings>
        <mapping-field sourceField="SoftdeleteFlag" targetField="DELETE_IND"/>
        <mapping-field sourceField="lastmodifiedts" targetField="TIMESTAMP"/>
    </field-mappings>
    <object-source-mappings>
        <object-source sourceObject="WF_DISTRIBUTION"/>
    </object-source-mappings>
</SyncObject>
