<?xml version="1.0" encoding="UTF-8" standalone="yes"?>
<SyncObject Generated="true" SourceName="attribute_def" GlobalName="attribute_def">
    <SyncAttributes>
        <Key>
            <Attribute GlobalName="id"/>
        </Key>
        <SyncAttribute SourceName="attribute_section_id" GlobalName="attribute_section_id" Type="string" IsNullable="true" Length="12" Autogenerated="false"/>
        <SyncAttribute SourceName="createdts" GlobalName="createdts" Type="string" IsNullable="true" Length="12" Autogenerated="false"/>
        <SyncAttribute SourceName="data_type_id" GlobalName="data_type_id" Type="string" IsNullable="true" Length="12" Autogenerated="false"/>
        <SyncAttribute SourceName="default_value" GlobalName="default_value" Type="string" IsNullable="true" Length="50" Autogenerated="false"/>
        <SyncAttribute SourceName="id" GlobalName="id" Type="string" IsNullable="false" Length="12" Autogenerated="false"/>
        <SyncAttribute SourceName="label" GlobalName="label" Type="string" IsNullable="true" Length="100" Autogenerated="false"/>
        <SyncAttribute SourceName="lastmodifiedts" GlobalName="lastmodifiedts" Type="string" IsNullable="true" Length="14" Autogenerated="false"/>
        <SyncAttribute SourceName="softdeleteflag" GlobalName="softdeleteflag" Type="string" IsNullable="true" Length="1" Autogenerated="false"/>
    </SyncAttributes>
    <Relationships>
        <OneToMany TargetObject="attribute_section" Cascade="false">
            <RelationshipAttribute TargetObjectAttribute="id" SourceObjectAttribute="attribute_section_id"/>
        </OneToMany>
        <ManyToOne TargetObject="data_type" Cascade="false">
            <RelationshipAttribute TargetObjectAttribute="id" SourceObjectAttribute="data_type_id"/>
        </ManyToOne>
    </Relationships>
    <FilterParameters>
        <ClientFilterParameters/>
        <ServerFilterParameters/>
    </FilterParameters>
    <UpdateTimeStampAttribute GlobalName="lastmodifiedts" DateFormat="yyyyMMddHHmmss" Ignore="false"/>
    <SoftDeleteFlagAttribute GlobalName="softdeleteflag" InactiveValue="X" Ignore="false"/>
    <Operations/>
    <field-mappings>
        <mapping-field sourceField="softdeleteflag" targetField="DELETE_IND"/>
        <mapping-field sourceField="lastmodifiedts" targetField="TIMESTAMP"/>
    </field-mappings>
    <object-source-mappings>
        <object-source sourceObject="WF_DISTRIBUTION"/>
    </object-source-mappings>
</SyncObject>
