<?xml version="1.0" encoding="UTF-8" standalone="yes"?>
<SyncObject Generated="true" SourceName="data_type" GlobalName="data_type">
    <SyncAttributes>
        <Key>
            <Attribute GlobalName="id"/>
        </Key>
        <SyncAttribute SourceName="createdts" GlobalName="createdts" Type="string" IsNullable="true" Length="14" Autogenerated="false"/>
        <SyncAttribute SourceName="description" GlobalName="description" Type="string" IsNullable="true" Length="100" Autogenerated="false"/>
        <SyncAttribute SourceName="id" GlobalName="id" Type="string" IsNullable="false" Length="32" Autogenerated="false"/>
        <SyncAttribute SourceName="lastmodifiedts" GlobalName="lastmodifiedts" Type="string" IsNullable="true" Length="14" Autogenerated="false"/>
        <SyncAttribute SourceName="softdeletedlag" GlobalName="softdeletedlag" Type="string" IsNullable="true" Length="1" Autogenerated="false"/>
    </SyncAttributes>
    <Relationships/>
    <FilterParameters>
        <ClientFilterParameters/>
        <ServerFilterParameters/>
    </FilterParameters>
    <UpdateTimeStampAttribute GlobalName="lastmodifiedts" DateFormat="yyyyMMddHHmmss" Ignore="false"/>
    <SoftDeleteFlagAttribute GlobalName="softdeletedlag" InactiveValue="X" Ignore="false"/>
    <Operations/>
    <field-mappings>
        <mapping-field sourceField="softdeletedlag" targetField="DELETE_IND"/>
        <mapping-field sourceField="lastmodifiedts" targetField="TIMESTAMP"/>
    </field-mappings>
    <object-source-mappings>
        <object-source sourceObject="WF_ATTRIBUTES"/>
    </object-source-mappings>
</SyncObject>
