<?xml version="1.0" encoding="UTF-8" standalone="yes"?>
<SyncObject Generated="false" SourceName="delegate" GlobalName="delegate">
    <ConfigParams>
        <ConfigParam Name="download_batch_mode" Value="none"/>
    </ConfigParams>
    <SyncAttributes>
        <Key>
            <Attribute GlobalName="id"/>
        </Key>
        <SyncAttribute SourceName="comments" GlobalName="comments" Type="string" IsNullable="true" Length="256" Autogenerated="false"/>
        <SyncAttribute SourceName="createdts" GlobalName="createdts" Type="string" IsNullable="true" Length="14" Autogenerated="false"/>
        <SyncAttribute SourceName="delegation_group_id" GlobalName="delegation_group_id" Type="string" IsNullable="false" Length="32" Autogenerated="false"/>
        <SyncAttribute SourceName="delegator_id" GlobalName="delegator_id" Type="string" IsNullable="false" Length="32" Autogenerated="false"/>
        <SyncAttribute SourceName="employee_id" GlobalName="employee_id" Type="string" IsNullable="false" Length="32" Autogenerated="false"/>
        <SyncAttribute SourceName="end_date" GlobalName="end_date" Type="string" IsNullable="true" Length="8" Autogenerated="false"/>
        <SyncAttribute SourceName="id" GlobalName="id" Type="string" IsNullable="false" Length="32" Autogenerated="false"/>
        <SyncAttribute SourceName="lastmodifiedts" GlobalName="lastmodifiedts" Type="string" IsNullable="true" Length="14" Autogenerated="false"/>
        <SyncAttribute SourceName="request_type_id" GlobalName="request_type_id" Type="string" IsNullable="false" Length="32" Autogenerated="false"/>
        <SyncAttribute SourceName="softdeletedflag" GlobalName="softdeletedflag" Type="string" IsNullable="true" Length="1" Autogenerated="false"/>
        <SyncAttribute SourceName="start_date" GlobalName="start_date" Type="string" IsNullable="false" Length="8" Autogenerated="false"/>
        <SyncAttribute SourceName="status_id" GlobalName="status_id" Type="string" IsNullable="false" Length="12" Autogenerated="false"/>
    </SyncAttributes>
    <Relationships/>
    <FilterParameters>
        <ClientFilterParameters/>
        <ServerFilterParameters/>
    </FilterParameters>
    <UpdateTimeStampAttribute GlobalName="lastmodifiedts" DateFormat="yyyyMMddHHmmss" Ignore="false"/>
    <SoftDeleteFlagAttribute GlobalName="softdeletedflag" InactiveValue="X" Ignore="false"/>
    <Operations>
        <Operation Name="getUpdated" DataSource="MYAPPROVALS" ServiceID="querydelegate4914">
            <InputHeader AutoAttributeMapping="true">
                <Param Name="KonySAP-Request-Timestamp" SourceValue="#if($!{CONTEXT.InitialSync}!='true')*#end" Source="TEMPLATE"/>
            </InputHeader>
            <Input AutoAttributeMapping="true">
                <Param Name="$batchsize" SourceValue="BATCH_SIZE" Source="CONTEXT"/>
            </Input>
            <Output AutoAttributeMapping="true">
                <Param Name="nextBatchId" SourceValue="batchid" Source="CONTEXT"/>
                <Param Name="hasMoreRecords" SourceValue="MORE_CHANGES_AVAILABLE" Source="CONTEXT"/>
            </Output>
        </Operation>
        <Operation Name="getBatch" DataSource="MYAPPROVALS" ServiceID="querydelegate4914">
            <InputHeader AutoAttributeMapping="true">
                <Param Name="KonySAP-Request-Timestamp" SourceValue="#if($!{CONTEXT.InitialSync}!='true')*#end" Source="TEMPLATE"/>
            </InputHeader>
            <Input AutoAttributeMapping="true">
                <Param Name="$batchsize" SourceValue="BATCH_SIZE" Source="CONTEXT"/>
                <Param Name="$batchid" SourceValue="batchid" Source="CONTEXT"/>
            </Input>
            <Output AutoAttributeMapping="true">
                <Param Name="nextBatchId" SourceValue="batchid" Source="CONTEXT"/>
                <Param Name="hasMoreRecords" SourceValue="MORE_CHANGES_AVAILABLE" Source="CONTEXT"/>
            </Output>
        </Operation>
        <Operation Name="Create" DataSource="MYAPPROVALS" ServiceID="createdelegate3852">
            <InputHeader AutoAttributeMapping="true"/>
            <Input AutoAttributeMapping="true"/>
            <Output AutoAttributeMapping="true"/>
        </Operation>
        <Operation Name="Update" DataSource="MYAPPROVALS" ServiceID="partialupdatedelegate5851">
            <InputHeader AutoAttributeMapping="true"/>
            <Input AutoAttributeMapping="true"/>
            <Output AutoAttributeMapping="true"/>
        </Operation>
    </Operations>
    <field-mappings>
        <mapping-field sourceField="comments" targetField="COMMENTS"/>
        <mapping-field sourceField="createdts" targetField="CREATED_TS"/>
        <mapping-field sourceField="delegation_group_id" targetField="WF_GROUP_ID"/>
        <mapping-field sourceField="delegator_id" targetField="WF_USER_EMPID"/>
        <mapping-field sourceField="employee_id" targetField="DEL_TO_EMPID"/>
        <mapping-field sourceField="end_date" targetField="DELEGATE_TODATE"/>
        <mapping-field sourceField="id" targetField="WF_UPLOAD_ID"/>
        <mapping-field sourceField="lastmodifiedts" targetField="TIMESTAMP"/>
        <mapping-field sourceField="request_type_id" targetField="REQUEST_TYPE"/>
        <mapping-field sourceField="softdeletedflag" targetField="DELETE_IND"/>
        <mapping-field sourceField="start_date" targetField="DELEGATE_FRDATE"/>
    </field-mappings>
    <object-source-mappings>
        <object-source sourceObject="WF_SUBSTITUTE"/>
    </object-source-mappings>
</SyncObject>
