<?xml version="1.0" encoding="UTF-8" standalone="yes"?>
<SyncObject Generated="true" SourceName="request_note" GlobalName="request_note">
    <SyncAttributes>
        <Key>
            <Attribute GlobalName="id"/>
        </Key>
        <SyncAttribute SourceName="approval_id" GlobalName="approval_id" Type="string" IsNullable="true" Length="32" Autogenerated="false"/>
        <SyncAttribute SourceName="comment" GlobalName="comment" Type="string" IsNullable="true" Length="200" Autogenerated="false"/>
        <SyncAttribute SourceName="createdts" GlobalName="createdts" Type="string" IsNullable="true" Length="14" Autogenerated="false"/>
        <SyncAttribute SourceName="employee_id" GlobalName="employee_id" Type="string" IsNullable="true" Length="32" Autogenerated="false"/>
        <SyncAttribute SourceName="id" GlobalName="id" Type="string" IsNullable="false" Length="32" Autogenerated="false"/>
        <SyncAttribute SourceName="lastmodifiedts" GlobalName="lastmodifiedts" Type="string" IsNullable="true" Length="14" Autogenerated="false"/>
        <SyncAttribute SourceName="request_type_id" GlobalName="request_type_id" Type="string" IsNullable="true" Length="32" Autogenerated="false"/>
        <SyncAttribute SourceName="softdeletedflag" GlobalName="softdeletedflag" Type="string" IsNullable="true" Length="1" Autogenerated="false"/>
    </SyncAttributes>
    <Relationships/>
    <FilterParameters>
        <ClientFilterParameters/>
        <ServerFilterParameters/>
    </FilterParameters>
    <UpdateTimeStampAttribute GlobalName="lastmodifiedts" DateFormat="yyyyMMddHHmmss" Ignore="false"/>
    <SoftDeleteFlagAttribute GlobalName="softdeletedflag" InactiveValue="X" Ignore="false"/>
    <Operations>
        <Operation Name="Create" DataSource="MYAPPROVALS" ServiceID="createWFAPPROVALNOTE2636">
            <InputHeader AutoAttributeMapping="true"/>
            <Input AutoAttributeMapping="true"/>
            <Output AutoAttributeMapping="true"/>
        </Operation>
    </Operations>
    <field-mappings>
        <mapping-field sourceField="lastmodifiedts" targetField="TIMESTAMP"/>
        <mapping-field sourceField="softdeletedflag" targetField="DELETE_IND"/>
        <mapping-field sourceField="comment" targetField="COMMENTS"/>
        <mapping-field sourceField="createdts" targetField="ADDED_ON"/>
        <mapping-field sourceField="employee_id" targetField="EMPNUMBER"/>
    </field-mappings>
    <object-source-mappings>
        <object-source sourceObject="WF_APPROVAL_NOTE"/>
    </object-source-mappings>
</SyncObject>
