<?xml version="1.0" encoding="UTF-8" standalone="yes"?>
<SyncObject Generated="true" SourceName="request_category" GlobalName="request_category">
    <SyncAttributes>
        <Key>
            <Attribute GlobalName="id"/>
        </Key>
        <SyncAttribute SourceName="createdts" GlobalName="createdts" Type="string" IsNullable="true" Length="14" Autogenerated="false"/>
        <SyncAttribute SourceName="id" GlobalName="id" Type="string" IsNullable="false" Length="32" Autogenerated="false"/>
        <SyncAttribute SourceName="lastmodifiedts" GlobalName="lastmodifiedts" Type="string" IsNullable="true" Length="14" Autogenerated="false"/>
        <SyncAttribute SourceName="name" GlobalName="name" Type="string" IsNullable="true" Length="50" Autogenerated="false"/>
        <SyncAttribute SourceName="parent_id" GlobalName="parent_id" Type="string" IsNullable="true" Length="32" Autogenerated="false"/>
        <SyncAttribute SourceName="softdeletedflag" GlobalName="softdeletedflag" Type="string" IsNullable="true" Length="1" Autogenerated="false"/>
        <SyncAttribute SourceName="type_id" GlobalName="type_id" Type="string" IsNullable="true" Length="32" Autogenerated="false"/>
    </SyncAttributes>
    <Relationships/>
    <FilterParameters>
        <ClientFilterParameters/>
        <ServerFilterParameters/>
    </FilterParameters>
    <UpdateTimeStampAttribute GlobalName="lastmodifiedts" DateFormat="yyyyMMddHHmmss" Ignore="false"/>
    <SoftDeleteFlagAttribute GlobalName="softdeletedflag" InactiveValue="X" Ignore="false"/>
    <Operations/>
    <field-mappings>
        <mapping-field sourceField="softdeletedflag" targetField="DELETE_IND"/>
        <mapping-field sourceField="lastmodifiedts" targetField="TIMESTAMP"/>
    </field-mappings>
    <object-source-mappings>
        <object-source sourceObject="WF_ATTRIBUTES"/>
    </object-source-mappings>
</SyncObject>
