<?xml version="1.0" encoding="UTF-8" standalone="yes"?>
<SyncObject Generated="false" SourceName="request_type" GlobalName="request_type">
    <SyncAttributes>
        <Key>
            <Attribute GlobalName="id"/>
        </Key>
        <SyncAttribute SourceName="createdts" GlobalName="createdts" Type="string" IsNullable="true" Length="14" Autogenerated="false"/>
        <SyncAttribute SourceName="id" GlobalName="id" Type="string" IsNullable="false" Length="32" Autogenerated="false"/>
        <SyncAttribute SourceName="lastmodifiedts" GlobalName="lastmodifiedts" Type="string" IsNullable="true" Length="14" Autogenerated="false"/>
        <SyncAttribute SourceName="name" GlobalName="name" Type="string" IsNullable="true" Length="50" Autogenerated="false"/>
        <SyncAttribute SourceName="softdeletedflag" GlobalName="softdeletedflag" Type="string" IsNullable="true" Length="1" Autogenerated="false"/>
    </SyncAttributes>
    <Relationships/>
    <FilterParameters>
        <ClientFilterParameters/>
        <ServerFilterParameters/>
    </FilterParameters>
    <UpdateTimeStampAttribute GlobalName="lastmodifiedts" DateFormat="yyyyMMddHHmmss" Ignore="false"/>
    <SoftDeleteFlagAttribute GlobalName="softdeletedflag" InactiveValue="X" Ignore="false"/>
    <Operations>
        <Operation Name="getUpdated" DataSource="MYAPPROVALS" ServiceID="queryWFTYPES1561">
            <InputHeader AutoAttributeMapping="true">
                <Param Name="KonySAP-Request-Timestamp" SourceValue="#if($!{CONTEXT.InitialSync}!='true')*#end" Source="TEMPLATE"/>
            </InputHeader>
            <Input AutoAttributeMapping="true">
                <Param Name="$batchsize" SourceValue="BATCH_SIZE" Source="CONTEXT"/>
            </Input>
            <Output AutoAttributeMapping="true">
                <Param Name="nextBatchId" SourceValue="batchid" Source="CONTEXT"/>
                <Param Name="hasMoreRecords" SourceValue="MORE_CHANGES_AVAILABLE" Source="CONTEXT"/>
            </Output>
        </Operation>
        <Operation Name="getBatch" DataSource="MYAPPROVALS" ServiceID="queryWFTYPES1561">
            <InputHeader AutoAttributeMapping="true">
                <Param Name="KonySAP-Request-Timestamp" SourceValue="#if($!{CONTEXT.InitialSync}!='true')*#end" Source="TEMPLATE"/>
            </InputHeader>
            <Input AutoAttributeMapping="true">
                <Param Name="$batchsize" SourceValue="BATCH_SIZE" Source="CONTEXT"/>
                <Param Name="$batchid" SourceValue="batchid" Source="CONTEXT"/>
            </Input>
            <Output AutoAttributeMapping="true">
                <Param Name="nextBatchId" SourceValue="batchid" Source="CONTEXT"/>
                <Param Name="hasMoreRecords" SourceValue="MORE_CHANGES_AVAILABLE" Source="CONTEXT"/>
            </Output>
        </Operation>
    </Operations>
    <field-mappings>
        <mapping-field sourceField="id" targetField="WFLOW_TYPE"/>
        <mapping-field sourceField="lastmodifiedts" targetField="TIMESTAMP"/>
        <mapping-field sourceField="softdeletedflag" targetField="DELETE_IND"/>
    </field-mappings>
    <object-source-mappings>
        <object-source sourceObject="WF_TYPES"/>
    </object-source-mappings>
</SyncObject>
