<?xml version="1.0" encoding="UTF-8" standalone="yes"?>
<SyncObject Generated="true" SourceName="request_approver" GlobalName="request_approver">
    <ConfigParams>
        <ConfigParam Name="download_batch_mode" Value="none"/>
    </ConfigParams>
    <SyncAttributes>
        <Key>
            <Attribute GlobalName="approval_id"/>
            <Attribute GlobalName="approver_id"/>
        </Key>
        <SyncAttribute SourceName="approval_id" GlobalName="approval_id" Type="string" IsNullable="false" Length="32" Autogenerated="false"/>
        <SyncAttribute SourceName="approver_id" GlobalName="approver_id" Type="string" IsNullable="false" Length="32" Autogenerated="false"/>
        <SyncAttribute SourceName="createdts" GlobalName="createdts" Type="string" IsNullable="true" Length="14" Autogenerated="false"/>
        <SyncAttribute SourceName="delegator_id" GlobalName="delegator_id" Type="string" IsNullable="true" Length="32" Autogenerated="false"/>
        <SyncAttribute SourceName="lastmodifiedts" GlobalName="lastmodifiedts" Type="string" IsNullable="true" Length="14" Autogenerated="false"/>
        <SyncAttribute SourceName="softdeletedflag" GlobalName="softdeletedflag" Type="string" IsNullable="true" Length="1" Autogenerated="false"/>
        <SyncAttribute SourceName="status_id" GlobalName="status_id" Type="string" IsNullable="true" Length="12" Autogenerated="false"/>
        <SyncAttribute SourceName="TIMESTAMP" GlobalName="TIMESTAMP" Type="string" IsNullable="true" Length="14" Autogenerated="false"/>
    </SyncAttributes>
    <Relationships/>
    <FilterParameters>
        <ClientFilterParameters/>
        <ServerFilterParameters/>
    </FilterParameters>
    <UpdateTimeStampAttribute GlobalName="TIMESTAMP" DateFormat="yyyyMMddHHmmss" Ignore="false"/>
    <SoftDeleteFlagAttribute GlobalName="softdeletedflag" InactiveValue="X" Ignore="false"/>
    <Operations>
        <Operation Name="Update" DataSource="MYAPPROVALS" ServiceID="partialupdateWFDISTRIBUTION4311">
            <InputHeader AutoAttributeMapping="true"/>
            <Input AutoAttributeMapping="true"/>
            <Output AutoAttributeMapping="true"/>
        </Operation>
    </Operations>
    <field-mappings>
        <mapping-field sourceField="TIMESTAMP" targetField="TIMESTAMP"/>
        <mapping-field sourceField="softdeletedflag" targetField="DELETE_IND"/>
    </field-mappings>
    <object-source-mappings>
        <object-source sourceObject="WF_DISTRIBUTION"/>
    </object-source-mappings>
</SyncObject>
