[ {
  "entityTypeId" : "289473f6-2df6-4076-8734-5b47c29792e1",
  "id" : "1a359d4b-fa43-4149-b065-5fe27de383c3",
  "name" : "bundle_id",
  "dataType" : "number",
  "hasIndex" : false,
  "unique" : false,
  "primarykey" : false,
  "namefield" : false,
  "nullable" : true,
  "custom" : true,
  "createable" : true,
  "updateable" : true,
  "audit" : false,
  "customizable" : false,
  "fieldOrder" : 0,
  "fieldProperties" : {
    "autoGenerated" : "false"
  }
}, {
  "entityTypeId" : "289473f6-2df6-4076-8734-5b47c29792e1",
  "id" : "530b1c25-52ef-4761-b443-05e3358a69d1",
  "name" : "CreatedBy",
  "dataType" : "string",
  "hasIndex" : false,
  "unique" : false,
  "primarykey" : false,
  "namefield" : false,
  "nullable" : true,
  "custom" : true,
  "createable" : true,
  "updateable" : true,
  "audit" : false,
  "customizable" : false,
  "fieldLength" : 32,
  "fieldOrder" : 0,
  "fieldProperties" : {
    "standard" : "true",
    "isSoftDeleteField" : "false",
    "isUpdateTimeStampField" : "false",
    "autoGenerated" : "false"
  }
}, {
  "entityTypeId" : "289473f6-2df6-4076-8734-5b47c29792e1",
  "id" : "916863cc-779f-47c6-925a-41a8693f3fe5",
  "name" : "CreatedDateTime",
  "dataType" : "date",
  "hasIndex" : false,
  "unique" : false,
  "primarykey" : false,
  "namefield" : false,
  "nullable" : false,
  "custom" : true,
  "createable" : true,
  "updateable" : true,
  "audit" : false,
  "customizable" : false,
  "fieldLength" : 32,
  "fieldOrder" : 0,
  "fieldProperties" : {
    "standard" : "true",
    "isSoftDeleteField" : "false",
    "isUpdateTimeStampField" : "false",
    "autoGenerated" : "false"
  }
}, {
  "entityTypeId" : "289473f6-2df6-4076-8734-5b47c29792e1",
  "id" : "aa8c177a-84fc-4649-9c4d-1227aadcd308",
  "name" : "id",
  "dataType" : "number",
  "hasIndex" : false,
  "unique" : true,
  "primarykey" : true,
  "namefield" : false,
  "nullable" : false,
  "custom" : true,
  "createable" : true,
  "updateable" : true,
  "audit" : false,
  "customizable" : false,
  "fieldOrder" : 0,
  "fieldProperties" : {
    "autoGenerated" : "true"
  }
}, {
  "entityTypeId" : "289473f6-2df6-4076-8734-5b47c29792e1",
  "id" : "5e11e74e-60b7-45cf-b1fa-b0afe0a2d3d4",
  "name" : "LastUpdatedBy",
  "dataType" : "string",
  "hasIndex" : false,
  "unique" : false,
  "primarykey" : false,
  "namefield" : false,
  "nullable" : true,
  "custom" : true,
  "createable" : true,
  "updateable" : true,
  "audit" : false,
  "customizable" : false,
  "fieldLength" : 32,
  "fieldOrder" : 0,
  "fieldProperties" : {
    "standard" : "true",
    "isSoftDeleteField" : "false",
    "isUpdateTimeStampField" : "false",
    "autoGenerated" : "false"
  }
}, {
  "entityTypeId" : "289473f6-2df6-4076-8734-5b47c29792e1",
  "id" : "cdcb2a6c-a050-459e-9d26-8fc5606422f2",
  "name" : "LastUpdatedDateTime",
  "dataType" : "date",
  "hasIndex" : false,
  "unique" : false,
  "primarykey" : false,
  "namefield" : false,
  "nullable" : false,
  "custom" : true,
  "createable" : true,
  "updateable" : true,
  "audit" : false,
  "customizable" : false,
  "fieldLength" : 32,
  "fieldOrder" : 0,
  "fieldProperties" : {
    "standard" : "true",
    "isSoftDeleteField" : "false",
    "isUpdateTimeStampField" : "true",
    "autoGenerated" : "false",
    "timeStampFieldFormat" : "yyyy-MM-dd'T'HH:mm:ss.SSS"
  }
}, {
  "entityTypeId" : "289473f6-2df6-4076-8734-5b47c29792e1",
  "id" : "62dceced-89f1-41be-b13d-8b64664b671e",
  "name" : "name",
  "dataType" : "string",
  "hasIndex" : false,
  "unique" : false,
  "primarykey" : false,
  "namefield" : false,
  "nullable" : true,
  "custom" : true,
  "createable" : true,
  "updateable" : true,
  "audit" : false,
  "customizable" : false,
  "fieldLength" : 10,
  "fieldOrder" : 0,
  "fieldProperties" : {
    "autoGenerated" : "false"
  }
}, {
  "entityTypeId" : "289473f6-2df6-4076-8734-5b47c29792e1",
  "id" : "745dd205-5aeb-4cff-8b4b-022120045bd9",
  "name" : "SoftDeleteFlag",
  "dataType" : "boolean",
  "hasIndex" : false,
  "unique" : false,
  "primarykey" : false,
  "namefield" : false,
  "nullable" : true,
  "custom" : true,
  "createable" : true,
  "updateable" : true,
  "audit" : false,
  "customizable" : false,
  "fieldLength" : 1,
  "fieldOrder" : 0,
  "fieldProperties" : {
    "standard" : "true",
    "isSoftDeleteField" : "true",
    "isUpdateTimeStampField" : "false",
    "autoGenerated" : "false"
  }
} ]