{
  "type" : "lob",
  "custom" : false,
  "junction" : false,
  "customizable" : false,
  "verbs" : {
    "partialupdate" : "partialupdateMapping"
  },
  "entityProperties" : {
    "BatchMode" : "none",
    "designTimeBackendMeta" : {
      "dataObjectName" : "WF_DO_TRANSACTIONS_HR",
      "libraryName" : "_SKYTECH_WF",
      "businessObjectName" : "WF_DISTRIBUTION"
    },
    "UpdateTimeStampField" : {
      "DateFormat" : "yyyyMMddHHmmss",
      "Name" : "TIMESTAMP"
    },
    "backendMeta" : {
      "dataObjectName" : "WF_DO_TRANSACTIONS_HR",
      "libraryName" : "_SKYTECH_WF",
      "children" : "[]",
      "businessObjectName" : "WF_DISTRIBUTION"
    },
    "SoftDeleteFlagField" : {
      "ActiveValue" : null,
      "InactiveValue" : "X",
      "Name" : "softdeletedflag"
    }
  },
  "commonMappings" : [ {
    "sourceFieldName" : "TIMESTAMP",
    "targetField" : "TIMESTAMP",
    "type" : "request_response"
  }, {
    "sourceFieldName" : "softdeletedflag",
    "targetField" : "DELETE_IND",
    "type" : "request_response"
  } ]
}