[ {
  "sourceObject" : "approval_request",
  "targetObject" : "approval_attachment",
  "relationshipKeys" : [ {
    "sourceField" : "id",
    "targetField" : "approval_id"
  } ],
  "name" : "approval_request_approval_attachment",
  "type" : "OneToMany",
  "custom" : false,
  "cascadeDelete" : false
}, {
  "sourceObject" : "approval_request",
  "targetObject" : "approval_audit",
  "relationshipKeys" : [ {
    "sourceField" : "id",
    "targetField" : "request_id"
  } ],
  "name" : "approval_request_approval_audit",
  "type" : "OneToMany",
  "custom" : false,
  "cascadeDelete" : false
}, {
  "sourceObject" : "approval_request",
  "targetObject" : "attribute",
  "relationshipKeys" : [ {
    "sourceField" : "request_id",
    "targetField" : "id"
  } ],
  "name" : "approval_request_attribute",
  "type" : "OneToMany",
  "custom" : false,
  "cascadeDelete" : false
}, {
  "sourceObject" : "approval_request",
  "targetObject" : "request_approver",
  "relationshipKeys" : [ {
    "sourceField" : "id",
    "targetField" : "approval_id"
  } ],
  "name" : "approval_request_request_approver",
  "type" : "OneToMany",
  "custom" : false,
  "cascadeDelete" : false
}, {
  "sourceObject" : "approval_request",
  "targetObject" : "request_category",
  "relationshipKeys" : [ {
    "sourceField" : "category_id",
    "targetField" : "id"
  } ],
  "name" : "approval_request_request_category",
  "type" : "OneToMany",
  "custom" : false,
  "cascadeDelete" : false
}, {
  "sourceObject" : "approval_request",
  "targetObject" : "request_note",
  "relationshipKeys" : [ {
    "sourceField" : "id",
    "targetField" : "approval_id"
  } ],
  "name" : "approval_request_request_note",
  "type" : "OneToMany",
  "custom" : false,
  "cascadeDelete" : false
} ]