{
  "operationConfig" : {
    "name" : "querydelegate4914",
    "type" : "MappedToBackend",
    "cachable" : false,
    "smsEnabled" : false,
    "security" : "authorized_app_user",
    "responseEncoding" : "UTF-8",
    "httpMethod" : "GET",
    "decodeResponseBody" : false,
    "referencingEndpoint" : "default",
    "outputs" : [ {
      "id" : "WF_SUBSTITUTE",
      "scope" : "response",
      "dataType" : "string",
      "formatType" : "None"
    }, {
      "id" : "DELEGATE_FRDATE",
      "scope" : "response",
      "dataType" : "string",
      "collectionID" : "WF_SUBSTITUTE",
      "formatType" : "None"
    }, {
      "id" : "DELEGATE_TO",
      "scope" : "response",
      "dataType" : "string",
      "collectionID" : "WF_SUBSTITUTE",
      "formatType" : "None"
    }, {
      "id" : "DELEGATE_TODATE",
      "scope" : "response",
      "dataType" : "string",
      "collectionID" : "WF_SUBSTITUTE",
      "formatType" : "None"
    }, {
      "id" : "DELETE_IND",
      "scope" : "response",
      "dataType" : "string",
      "collectionID" : "WF_SUBSTITUTE",
      "formatType" : "None"
    }, {
      "id" : "DOC_TYPE",
      "scope" : "response",
      "dataType" : "string",
      "collectionID" : "WF_SUBSTITUTE",
      "formatType" : "None"
    }, {
      "id" : "REQUEST_TYPE",
      "scope" : "response",
      "dataType" : "string",
      "collectionID" : "WF_SUBSTITUTE",
      "formatType" : "None"
    }, {
      "id" : "STATUS",
      "scope" : "response",
      "dataType" : "string",
      "collectionID" : "WF_SUBSTITUTE",
      "formatType" : "None"
    }, {
      "id" : "TIMESTAMP",
      "scope" : "response",
      "dataType" : "string",
      "collectionID" : "WF_SUBSTITUTE",
      "formatType" : "None"
    }, {
      "id" : "WFLOW_USER",
      "scope" : "response",
      "dataType" : "string",
      "collectionID" : "WF_SUBSTITUTE",
      "formatType" : "None"
    }, {
      "id" : "WF_UPLOAD_ID",
      "scope" : "response",
      "dataType" : "string",
      "collectionID" : "WF_SUBSTITUTE",
      "formatType" : "None"
    }, {
      "id" : "nextBatchId",
      "scope" : "response",
      "dataType" : "string",
      "formatType" : "None"
    }, {
      "id" : "hasMoreRecords",
      "scope" : "response",
      "dataType" : "string",
      "formatType" : "None"
    } ],
    "headers" : [ {
      "id" : "KonySAP-Session-Key",
      "scope" : "request"
    } ],
    "odata" : [ {
      "id" : "$select",
      "dataType" : "string",
      "encode" : true,
      "accessType" : "readonly"
    }, {
      "id" : "$filter",
      "dataType" : "string",
      "encode" : true,
      "accessType" : "readonly"
    }, {
      "id" : "$orderby",
      "dataType" : "string",
      "encode" : true,
      "accessType" : "readonly"
    }, {
      "id" : "$top",
      "dataType" : "string",
      "encode" : true,
      "accessType" : "readonly"
    }, {
      "id" : "$skip",
      "dataType" : "string",
      "encode" : true,
      "accessType" : "readonly"
    }, {
      "id" : "$expand",
      "dataType" : "string",
      "encode" : true,
      "accessType" : "readonly"
    }, {
      "id" : "$batchsize",
      "dataType" : "string",
      "encode" : true,
      "accessType" : "readonly"
    }, {
      "id" : "$batchid",
      "dataType" : "string",
      "encode" : true,
      "accessType" : "readonly"
    } ],
    "iMapping" : "<?xml version=\"1.0\" encoding=\"UTF-8\" standalone=\"yes\"?><mapper xmlns=\"http://www.kony.com/ns/mapper\">        <map inputpath=\"request_in\" outputpath=\"request_out\">                <exec-function name=\"kony.gen.obj.delegate__hierarchy.toLOBFields\"/>        </map></mapper>",
    "oMapping" : "<?xml version=\"1.0\" encoding=\"UTF-8\" standalone=\"yes\"?><mapper xmlns=\"http://www.kony.com/ns/mapper\">          <map inputpath=\"response_in\" outputpath=\"response_out\">                    <map inputpath=\"WF_SUBSTITUTE\" outputpath=\"delegate\">                              <exec-function name=\"kony.gen.obj.delegate__hierarchy.fromLOBFields\" />                              <exec-function name=\"kony.logical:equal\" outputpath=\"PendingCOND\" output=\"$vars\">                                        <set-arg name=\"PendingCONDKey\" inputpath=\"STATUS\" />                                        <set-arg name=\"PendingCONDValue\" input=\"NEW\" />                              </exec-function>                              <exec-function name=\"kony.logical:equal\" outputpath=\"CanceledCOND\" output=\"$vars\">                                        <set-arg name=\"CanceledCONDKey\" inputpath=\"STATUS\" />                                        <set-arg name=\"CanceledCONDValue\" input=\"DELETE\" />                              </exec-function>                              <choose>                                        <when test=\"$vars/PendingCOND\">                                                  <set-param input=\"2\" outputpath=\"status_id\" />                                        </when>                                        <when test=\"$vars/CanceledCOND\">                                                  <set-param input=\"3\" outputpath=\"status_id\" />                                        </when>                                        <otherwise>                                                  <set-param inputpath=\"STATUS\" outputpath=\"status_id\" />                                        </otherwise>                              </choose>                    </map>          </map></mapper>",
    "applyCommonMapping" : false,
    "entityMetadata" : "{\"skyEntityMetadataRuntime\":{\"fMap\":{},\"sQuery\":\"\",\"service\":\"WF_DO_SUBSTITUTE\",\"config\":{},\"entityName\":\"WF_SUBSTITUTE\"}}",
    "opcode" : "query",
    "backendMeta" : {
      "dataObjectName" : "WF_DO_SUBSTITUTE",
      "libraryName" : "_SKYTECH_WF",
      "businessObjectName" : "WF_SUBSTITUTE"
    },
    "relationshipHierarchyMapping" : {
      "children" : [ ],
      "name" : "delegate",
      "selected" : true
    },
    "requestXmlMappingOverride" : false,
    "responseXmlMappingOverride" : false
  }
}