{
  "operationConfig" : {
    "name" : "partialupdatedelegate5851",
    "type" : "MappedToBackend",
    "cachable" : false,
    "smsEnabled" : false,
    "security" : "authorized_app_user",
    "responseEncoding" : "UTF-8",
    "httpMethod" : "GET",
    "decodeResponseBody" : false,
    "referencingEndpoint" : "default",
    "inputs" : [ {
      "id" : "DELEGATE_FRDATE",
      "scope" : "request",
      "dataType" : "string",
      "encode" : true,
      "passNull" : false
    }, {
      "id" : "DELEGATE_TO",
      "scope" : "request",
      "dataType" : "string",
      "encode" : true,
      "passNull" : false
    }, {
      "id" : "DELEGATE_TODATE",
      "scope" : "request",
      "dataType" : "string",
      "encode" : true,
      "passNull" : false
    }, {
      "id" : "DELETE_IND",
      "scope" : "request",
      "dataType" : "string",
      "encode" : true,
      "passNull" : false
    }, {
      "id" : "DOC_TYPE",
      "scope" : "request",
      "dataType" : "string",
      "encode" : true,
      "passNull" : false
    }, {
      "id" : "REQUEST_TYPE",
      "scope" : "request",
      "dataType" : "string",
      "encode" : true,
      "passNull" : false
    }, {
      "id" : "STATUS",
      "scope" : "request",
      "dataType" : "string",
      "encode" : true,
      "passNull" : false
    }, {
      "id" : "TIMESTAMP",
      "scope" : "request",
      "dataType" : "string",
      "encode" : true,
      "passNull" : false
    }, {
      "id" : "WFLOW_USER",
      "scope" : "request",
      "dataType" : "string",
      "encode" : true,
      "passNull" : false
    }, {
      "id" : "WF_UPLOAD_ID",
      "scope" : "request",
      "dataType" : "string",
      "encode" : true,
      "passNull" : false
    } ],
    "outputs" : [ {
      "id" : "WF_SUBSTITUTE",
      "scope" : "response",
      "dataType" : "string",
      "formatType" : "None"
    }, {
      "id" : "DELEGATE_FRDATE",
      "scope" : "response",
      "dataType" : "string",
      "collectionID" : "WF_SUBSTITUTE",
      "formatType" : "None"
    }, {
      "id" : "DELEGATE_TO",
      "scope" : "response",
      "dataType" : "string",
      "collectionID" : "WF_SUBSTITUTE",
      "formatType" : "None"
    }, {
      "id" : "DELEGATE_TODATE",
      "scope" : "response",
      "dataType" : "string",
      "collectionID" : "WF_SUBSTITUTE",
      "formatType" : "None"
    }, {
      "id" : "DELETE_IND",
      "scope" : "response",
      "dataType" : "string",
      "collectionID" : "WF_SUBSTITUTE",
      "formatType" : "None"
    }, {
      "id" : "DOC_TYPE",
      "scope" : "response",
      "dataType" : "string",
      "collectionID" : "WF_SUBSTITUTE",
      "formatType" : "None"
    }, {
      "id" : "REQUEST_TYPE",
      "scope" : "response",
      "dataType" : "string",
      "collectionID" : "WF_SUBSTITUTE",
      "formatType" : "None"
    }, {
      "id" : "STATUS",
      "scope" : "response",
      "dataType" : "string",
      "collectionID" : "WF_SUBSTITUTE",
      "formatType" : "None"
    }, {
      "id" : "TIMESTAMP",
      "scope" : "response",
      "dataType" : "string",
      "collectionID" : "WF_SUBSTITUTE",
      "formatType" : "None"
    }, {
      "id" : "WFLOW_USER",
      "scope" : "response",
      "dataType" : "string",
      "collectionID" : "WF_SUBSTITUTE",
      "formatType" : "None"
    }, {
      "id" : "WF_UPLOAD_ID",
      "scope" : "response",
      "dataType" : "string",
      "collectionID" : "WF_SUBSTITUTE",
      "formatType" : "None"
    } ],
    "headers" : [ {
      "id" : "KonySAP-Session-Key",
      "scope" : "request"
    } ],
    "iMapping" : "<?xml version=\"1.0\" encoding=\"UTF-8\" standalone=\"yes\"?><mapper xmlns=\"http://www.kony.com/ns/mapper\">      <map inputpath=\"request_in\" outputpath=\"request_out\">            <exec-function name=\"kony.gen.obj.delegate__hierarchy.toLOBFields\"/>            <exec-function name=\"kony.logical:equal\" outputpath=\"PendingCOND\" output=\"$vars\">                                    <set-arg name=\"PendingCONDKey\" inputpath=\"status_id\" />                                    <set-arg name=\"PendingCONDValue\" input=\"2\" />                          </exec-function>                          <exec-function name=\"kony.logical:equal\" outputpath=\"CanceledCOND\" output=\"$vars\">                                    <set-arg name=\"CanceledCONDKey\" inputpath=\"status_id\" />                                    <set-arg name=\"CanceledCONDValue\" input=\"3\" />                          </exec-function>                          <choose>                                    <when test=\"$vars/PendingCOND\">                                              <set-param input=\"NEW\" outputpath=\"STATUS\" />                                    </when>                                    <when test=\"$vars/CanceledCOND\">                                              <set-param input=\"DELETE\" outputpath=\"STATUS\" />                                    </when>                                    <otherwise>                                              <set-param inputpath=\"status_id\" outputpath=\"STATUS\" />                                    </otherwise>                          </choose>             </map></mapper>",
    "oMapping" : "<?xml version=\"1.0\" encoding=\"UTF-8\" standalone=\"yes\"?><mapper xmlns=\"http://www.kony.com/ns/mapper\">      <map inputpath=\"response_in\" outputpath=\"response_out\">            <map inputpath=\"WF_SUBSTITUTE\" outputpath=\"delegate\">                  <exec-function name=\"kony.gen.obj.delegate__hierarchy.fromLOBFields\"/>            </map>      </map></mapper>",
    "applyCommonMapping" : false,
    "entityMetadata" : "{\"skyEntityMetadataRuntime\":{\"fMap\":{},\"sQuery\":\"\",\"service\":\"WF_DO_SUBSTITUTE\",\"config\":{},\"entityName\":\"WF_SUBSTITUTE\"}}",
    "opcode" : "partialupdate",
    "backendMeta" : {
      "dataObjectName" : "WF_DO_SUBSTITUTE",
      "libraryName" : "_SKYTECH_WF",
      "businessObjectName" : "WF_SUBSTITUTE"
    },
    "relationshipHierarchyMapping" : {
      "children" : [ ],
      "name" : "delegate",
      "selected" : true
    },
    "requestXmlMappingOverride" : false,
    "responseXmlMappingOverride" : false
  }
}