{
  "operationConfig" : {
    "name" : "queryWFDISTRIBUTION5021",
    "type" : "MappedToBackend",
    "cachable" : false,
    "smsEnabled" : false,
    "security" : "authorized_app_user",
    "responseEncoding" : "UTF-8",
    "httpMethod" : "GET",
    "decodeResponseBody" : false,
    "referencingEndpoint" : "default",
    "outputs" : [ {
      "id" : "WF_DISTRIBUTION",
      "scope" : "response",
      "dataType" : "string",
      "formatType" : "None"
    }, {
      "id" : "REF_WFLOW_ID",
      "scope" : "response",
      "dataType" : "string",
      "collectionID" : "WF_DISTRIBUTION",
      "formatType" : "None"
    }, {
      "id" : "WFLOW_ID",
      "scope" : "response",
      "dataType" : "string",
      "collectionID" : "WF_DISTRIBUTION",
      "formatType" : "None"
    }, {
      "id" : "WFLOW_USER",
      "scope" : "response",
      "dataType" : "string",
      "collectionID" : "WF_DISTRIBUTION",
      "formatType" : "None"
    }, {
      "id" : "DOCID",
      "scope" : "response",
      "dataType" : "string",
      "collectionID" : "WF_DISTRIBUTION",
      "formatType" : "None"
    }, {
      "id" : "WFLOW_TYPE",
      "scope" : "response",
      "dataType" : "string",
      "collectionID" : "WF_DISTRIBUTION",
      "formatType" : "None"
    }, {
      "id" : "STATUS",
      "scope" : "response",
      "dataType" : "string",
      "collectionID" : "WF_DISTRIBUTION",
      "formatType" : "None"
    }, {
      "id" : "ACTION_BY",
      "scope" : "response",
      "dataType" : "string",
      "collectionID" : "WF_DISTRIBUTION",
      "formatType" : "None"
    }, {
      "id" : "IS_READ",
      "scope" : "response",
      "dataType" : "string",
      "collectionID" : "WF_DISTRIBUTION",
      "formatType" : "None"
    }, {
      "id" : "DELEG_FRDATE",
      "scope" : "response",
      "dataType" : "string",
      "collectionID" : "WF_DISTRIBUTION",
      "formatType" : "None"
    }, {
      "id" : "DELEG_TODATE",
      "scope" : "response",
      "dataType" : "string",
      "collectionID" : "WF_DISTRIBUTION",
      "formatType" : "None"
    }, {
      "id" : "APPROVAL_DATE",
      "scope" : "response",
      "dataType" : "string",
      "collectionID" : "WF_DISTRIBUTION",
      "formatType" : "None"
    }, {
      "id" : "CREATE_USER",
      "scope" : "response",
      "dataType" : "string",
      "collectionID" : "WF_DISTRIBUTION",
      "formatType" : "None"
    }, {
      "id" : "WFLOW_USER_NAME",
      "scope" : "response",
      "dataType" : "string",
      "collectionID" : "WF_DISTRIBUTION",
      "formatType" : "None"
    }, {
      "id" : "PRIORITY",
      "scope" : "response",
      "dataType" : "string",
      "collectionID" : "WF_DISTRIBUTION",
      "formatType" : "None"
    }, {
      "id" : "DEADLINE",
      "scope" : "response",
      "dataType" : "string",
      "collectionID" : "WF_DISTRIBUTION",
      "formatType" : "None"
    }, {
      "id" : "TIMESTAMP",
      "scope" : "response",
      "dataType" : "string",
      "collectionID" : "WF_DISTRIBUTION",
      "formatType" : "None"
    }, {
      "id" : "DELETE_IND",
      "scope" : "response",
      "dataType" : "string",
      "collectionID" : "WF_DISTRIBUTION",
      "formatType" : "None"
    }, {
      "id" : "nextBatchId",
      "scope" : "response",
      "dataType" : "string",
      "formatType" : "None"
    }, {
      "id" : "hasMoreRecords",
      "scope" : "response",
      "dataType" : "string",
      "formatType" : "None"
    }, {
      "id" : "EXTENDED_ATTRIBUTE",
      "scope" : "response",
      "dataType" : "string",
      "collectionID" : "WF_DISTRIBUTION",
      "formatType" : "None"
    }, {
      "id" : "ATTRIBUTE_ID",
      "scope" : "response",
      "dataType" : "string",
      "collectionID" : "EXTENDED_ATTRIBUTE",
      "formatType" : "None"
    }, {
      "id" : "BOOLEAN",
      "scope" : "response",
      "dataType" : "string",
      "collectionID" : "EXTENDED_ATTRIBUTE",
      "formatType" : "None"
    }, {
      "id" : "DECIMALS",
      "scope" : "response",
      "dataType" : "string",
      "collectionID" : "EXTENDED_ATTRIBUTE",
      "formatType" : "None"
    }, {
      "id" : "DELETED",
      "scope" : "response",
      "dataType" : "string",
      "collectionID" : "EXTENDED_ATTRIBUTE",
      "formatType" : "None"
    }, {
      "id" : "FIELD_TYPE",
      "scope" : "response",
      "dataType" : "string",
      "collectionID" : "EXTENDED_ATTRIBUTE",
      "formatType" : "None"
    }, {
      "id" : "LDB_LABEL",
      "scope" : "response",
      "dataType" : "string",
      "collectionID" : "EXTENDED_ATTRIBUTE",
      "formatType" : "None"
    }, {
      "id" : "LENGTH",
      "scope" : "response",
      "dataType" : "string",
      "collectionID" : "EXTENDED_ATTRIBUTE",
      "formatType" : "None"
    }, {
      "id" : "LOWERCASE",
      "scope" : "response",
      "dataType" : "string",
      "collectionID" : "EXTENDED_ATTRIBUTE",
      "formatType" : "None"
    }, {
      "id" : "OBJECT_TYPE",
      "scope" : "response",
      "dataType" : "string",
      "collectionID" : "EXTENDED_ATTRIBUTE",
      "formatType" : "None"
    }, {
      "id" : "PARENT_KEY",
      "scope" : "response",
      "dataType" : "string",
      "collectionID" : "EXTENDED_ATTRIBUTE",
      "formatType" : "None"
    }, {
      "id" : "TIMESTAMP",
      "scope" : "response",
      "dataType" : "string",
      "collectionID" : "EXTENDED_ATTRIBUTE",
      "formatType" : "None"
    }, {
      "id" : "VALUE",
      "scope" : "response",
      "dataType" : "string",
      "collectionID" : "EXTENDED_ATTRIBUTE",
      "formatType" : "None"
    }, {
      "id" : "WF_APPROVAL_NOTE",
      "scope" : "response",
      "dataType" : "string",
      "collectionID" : "WF_DISTRIBUTION",
      "formatType" : "None"
    }, {
      "id" : "ADDED_ON",
      "scope" : "response",
      "dataType" : "string",
      "collectionID" : "WF_APPROVAL_NOTE",
      "formatType" : "None"
    }, {
      "id" : "COMMENTS",
      "scope" : "response",
      "dataType" : "string",
      "collectionID" : "WF_APPROVAL_NOTE",
      "formatType" : "None"
    }, {
      "id" : "DELETE_IND",
      "scope" : "response",
      "dataType" : "string",
      "collectionID" : "WF_APPROVAL_NOTE",
      "formatType" : "None"
    }, {
      "id" : "DOCID",
      "scope" : "response",
      "dataType" : "string",
      "collectionID" : "WF_APPROVAL_NOTE",
      "formatType" : "None"
    }, {
      "id" : "EMPNUMBER",
      "scope" : "response",
      "dataType" : "string",
      "collectionID" : "WF_APPROVAL_NOTE",
      "formatType" : "None"
    }, {
      "id" : "SEQ_NO",
      "scope" : "response",
      "dataType" : "string",
      "collectionID" : "WF_APPROVAL_NOTE",
      "formatType" : "None"
    }, {
      "id" : "TIMESTAMP",
      "scope" : "response",
      "dataType" : "string",
      "collectionID" : "WF_APPROVAL_NOTE",
      "formatType" : "None"
    }, {
      "id" : "WF_ATTACHMENTS",
      "scope" : "response",
      "dataType" : "string",
      "collectionID" : "WF_DISTRIBUTION",
      "formatType" : "None"
    }, {
      "id" : "ATTCH_SEQNO",
      "scope" : "response",
      "dataType" : "string",
      "collectionID" : "WF_ATTACHMENTS",
      "formatType" : "None"
    }, {
      "id" : "BINARY_NAME",
      "scope" : "response",
      "dataType" : "string",
      "collectionID" : "WF_ATTACHMENTS",
      "formatType" : "None"
    }, {
      "id" : "DELETE_IND",
      "scope" : "response",
      "dataType" : "string",
      "collectionID" : "WF_ATTACHMENTS",
      "formatType" : "None"
    }, {
      "id" : "DOCID",
      "scope" : "response",
      "dataType" : "string",
      "collectionID" : "WF_ATTACHMENTS",
      "formatType" : "None"
    }, {
      "id" : "FILE_DESC",
      "scope" : "response",
      "dataType" : "string",
      "collectionID" : "WF_ATTACHMENTS",
      "formatType" : "None"
    }, {
      "id" : "FILE_EXT",
      "scope" : "response",
      "dataType" : "string",
      "collectionID" : "WF_ATTACHMENTS",
      "formatType" : "None"
    }, {
      "id" : "FILE_NAME",
      "scope" : "response",
      "dataType" : "string",
      "collectionID" : "WF_ATTACHMENTS",
      "formatType" : "None"
    }, {
      "id" : "INSTID",
      "scope" : "response",
      "dataType" : "string",
      "collectionID" : "WF_ATTACHMENTS",
      "formatType" : "None"
    }, {
      "id" : "SOURCE_SYSTEM",
      "scope" : "response",
      "dataType" : "string",
      "collectionID" : "WF_ATTACHMENTS",
      "formatType" : "None"
    }, {
      "id" : "TIMESTAMP",
      "scope" : "response",
      "dataType" : "string",
      "collectionID" : "WF_ATTACHMENTS",
      "formatType" : "None"
    }, {
      "id" : "media",
      "scope" : "response",
      "dataType" : "string",
      "collectionID" : "WF_ATTACHMENTS",
      "formatType" : "None"
    }, {
      "id" : "name",
      "scope" : "response",
      "dataType" : "string",
      "collectionID" : "media",
      "formatType" : "None"
    }, {
      "id" : "description",
      "scope" : "response",
      "dataType" : "string",
      "collectionID" : "media",
      "formatType" : "None"
    }, {
      "id" : "classField",
      "scope" : "response",
      "dataType" : "string",
      "collectionID" : "media",
      "formatType" : "None"
    }, {
      "id" : "classValue",
      "scope" : "response",
      "dataType" : "string",
      "collectionID" : "media",
      "formatType" : "None"
    }, {
      "id" : "group",
      "scope" : "response",
      "dataType" : "string",
      "collectionID" : "media",
      "formatType" : "None"
    }, {
      "id" : "type",
      "scope" : "response",
      "dataType" : "string",
      "collectionID" : "media",
      "formatType" : "None"
    }, {
      "id" : "extension",
      "scope" : "response",
      "dataType" : "string",
      "collectionID" : "media",
      "formatType" : "None"
    }, {
      "id" : "url",
      "scope" : "response",
      "dataType" : "binary",
      "collectionID" : "media",
      "formatType" : "None"
    }, {
      "id" : "ondemand",
      "scope" : "response",
      "dataType" : "string",
      "collectionID" : "media",
      "formatType" : "None"
    }, {
      "id" : "WF_ATTRIBUTES",
      "scope" : "response",
      "dataType" : "string",
      "collectionID" : "WF_DISTRIBUTION",
      "formatType" : "None"
    }, {
      "id" : "ATTRIBUTE_ID",
      "scope" : "response",
      "dataType" : "string",
      "collectionID" : "WF_ATTRIBUTES",
      "formatType" : "None"
    }, {
      "id" : "BOOLEAN",
      "scope" : "response",
      "dataType" : "string",
      "collectionID" : "WF_ATTRIBUTES",
      "formatType" : "None"
    }, {
      "id" : "DECIMALS",
      "scope" : "response",
      "dataType" : "string",
      "collectionID" : "WF_ATTRIBUTES",
      "formatType" : "None"
    }, {
      "id" : "DELETE_IND",
      "scope" : "response",
      "dataType" : "string",
      "collectionID" : "WF_ATTRIBUTES",
      "formatType" : "None"
    }, {
      "id" : "DOCID",
      "scope" : "response",
      "dataType" : "string",
      "collectionID" : "WF_ATTRIBUTES",
      "formatType" : "None"
    }, {
      "id" : "FIELD_TYPE",
      "scope" : "response",
      "dataType" : "string",
      "collectionID" : "WF_ATTRIBUTES",
      "formatType" : "None"
    }, {
      "id" : "LDB_LABEL",
      "scope" : "response",
      "dataType" : "string",
      "collectionID" : "WF_ATTRIBUTES",
      "formatType" : "None"
    }, {
      "id" : "LENGTH",
      "scope" : "response",
      "dataType" : "string",
      "collectionID" : "WF_ATTRIBUTES",
      "formatType" : "None"
    }, {
      "id" : "LOWERCASE",
      "scope" : "response",
      "dataType" : "string",
      "collectionID" : "WF_ATTRIBUTES",
      "formatType" : "None"
    }, {
      "id" : "OBJECT_TYPE",
      "scope" : "response",
      "dataType" : "string",
      "collectionID" : "WF_ATTRIBUTES",
      "formatType" : "None"
    }, {
      "id" : "PARENT_KEY",
      "scope" : "response",
      "dataType" : "string",
      "collectionID" : "WF_ATTRIBUTES",
      "formatType" : "None"
    }, {
      "id" : "TIMESTAMP",
      "scope" : "response",
      "dataType" : "string",
      "collectionID" : "WF_ATTRIBUTES",
      "formatType" : "None"
    }, {
      "id" : "VALUE",
      "scope" : "response",
      "dataType" : "string",
      "collectionID" : "WF_ATTRIBUTES",
      "formatType" : "None"
    }, {
      "id" : "WF_AUDIT",
      "scope" : "response",
      "dataType" : "string",
      "collectionID" : "WF_DISTRIBUTION",
      "formatType" : "None"
    }, {
      "id" : "CHANGE_DATE",
      "scope" : "response",
      "dataType" : "string",
      "collectionID" : "WF_AUDIT",
      "formatType" : "None"
    }, {
      "id" : "CHANGE_TIME",
      "scope" : "response",
      "dataType" : "string",
      "collectionID" : "WF_AUDIT",
      "formatType" : "None"
    }, {
      "id" : "CHANGE_USER",
      "scope" : "response",
      "dataType" : "string",
      "collectionID" : "WF_AUDIT",
      "formatType" : "None"
    }, {
      "id" : "CREATE_DATE",
      "scope" : "response",
      "dataType" : "string",
      "collectionID" : "WF_AUDIT",
      "formatType" : "None"
    }, {
      "id" : "CREATE_SYSTEM",
      "scope" : "response",
      "dataType" : "string",
      "collectionID" : "WF_AUDIT",
      "formatType" : "None"
    }, {
      "id" : "CREATE_TIME",
      "scope" : "response",
      "dataType" : "string",
      "collectionID" : "WF_AUDIT",
      "formatType" : "None"
    }, {
      "id" : "CREATE_USER",
      "scope" : "response",
      "dataType" : "string",
      "collectionID" : "WF_AUDIT",
      "formatType" : "None"
    }, {
      "id" : "DELETE_IND",
      "scope" : "response",
      "dataType" : "string",
      "collectionID" : "WF_AUDIT",
      "formatType" : "None"
    }, {
      "id" : "DESCRIPTION",
      "scope" : "response",
      "dataType" : "string",
      "collectionID" : "WF_AUDIT",
      "formatType" : "None"
    }, {
      "id" : "DOCID",
      "scope" : "response",
      "dataType" : "string",
      "collectionID" : "WF_AUDIT",
      "formatType" : "None"
    }, {
      "id" : "STATUS",
      "scope" : "response",
      "dataType" : "string",
      "collectionID" : "WF_AUDIT",
      "formatType" : "None"
    }, {
      "id" : "TEXT_DATA",
      "scope" : "response",
      "dataType" : "string",
      "collectionID" : "WF_AUDIT",
      "formatType" : "None"
    }, {
      "id" : "TEXT_LENGTH",
      "scope" : "response",
      "dataType" : "string",
      "collectionID" : "WF_AUDIT",
      "formatType" : "None"
    }, {
      "id" : "TIMESTAMP",
      "scope" : "response",
      "dataType" : "string",
      "collectionID" : "WF_AUDIT",
      "formatType" : "None"
    }, {
      "id" : "WFLOW_TYPE",
      "scope" : "response",
      "dataType" : "string",
      "collectionID" : "WF_AUDIT",
      "formatType" : "None"
    }, {
      "id" : "WFLOW_USER",
      "scope" : "response",
      "dataType" : "string",
      "collectionID" : "WF_AUDIT",
      "formatType" : "None"
    }, {
      "id" : "WF_EXPENSE_ENTRY_HEADER",
      "scope" : "response",
      "dataType" : "string",
      "collectionID" : "WF_DISTRIBUTION",
      "formatType" : "None"
    }, {
      "id" : "APPROVAL_STATUS",
      "scope" : "response",
      "dataType" : "string",
      "collectionID" : "WF_EXPENSE_ENTRY_HEADER",
      "formatType" : "None"
    }, {
      "id" : "BUSINESS_PURPOSE",
      "scope" : "response",
      "dataType" : "string",
      "collectionID" : "WF_EXPENSE_ENTRY_HEADER",
      "formatType" : "None"
    }, {
      "id" : "COMMENTS",
      "scope" : "response",
      "dataType" : "string",
      "collectionID" : "WF_EXPENSE_ENTRY_HEADER",
      "formatType" : "None"
    }, {
      "id" : "COST_CENTER",
      "scope" : "response",
      "dataType" : "string",
      "collectionID" : "WF_EXPENSE_ENTRY_HEADER",
      "formatType" : "None"
    }, {
      "id" : "COUNTER",
      "scope" : "response",
      "dataType" : "string",
      "collectionID" : "WF_EXPENSE_ENTRY_HEADER",
      "formatType" : "None"
    }, {
      "id" : "CURRENCY",
      "scope" : "response",
      "dataType" : "string",
      "collectionID" : "WF_EXPENSE_ENTRY_HEADER",
      "formatType" : "None"
    }, {
      "id" : "DELETE_IND",
      "scope" : "response",
      "dataType" : "string",
      "collectionID" : "WF_EXPENSE_ENTRY_HEADER",
      "formatType" : "None"
    }, {
      "id" : "EMPNUMBER",
      "scope" : "response",
      "dataType" : "string",
      "collectionID" : "WF_EXPENSE_ENTRY_HEADER",
      "formatType" : "None"
    }, {
      "id" : "EXPENSE_FROMDATE",
      "scope" : "response",
      "dataType" : "string",
      "collectionID" : "WF_EXPENSE_ENTRY_HEADER",
      "formatType" : "None"
    }, {
      "id" : "EXPENSE_FROMTIME",
      "scope" : "response",
      "dataType" : "string",
      "collectionID" : "WF_EXPENSE_ENTRY_HEADER",
      "formatType" : "None"
    }, {
      "id" : "EXPENSE_TODATE",
      "scope" : "response",
      "dataType" : "string",
      "collectionID" : "WF_EXPENSE_ENTRY_HEADER",
      "formatType" : "None"
    }, {
      "id" : "EXPENSE_TOTIME",
      "scope" : "response",
      "dataType" : "string",
      "collectionID" : "WF_EXPENSE_ENTRY_HEADER",
      "formatType" : "None"
    }, {
      "id" : "EXP_EXPENSE_ID",
      "scope" : "response",
      "dataType" : "string",
      "collectionID" : "WF_EXPENSE_ENTRY_HEADER",
      "formatType" : "None"
    }, {
      "id" : "EXTRACT_TSTAMP",
      "scope" : "response",
      "dataType" : "string",
      "collectionID" : "WF_EXPENSE_ENTRY_HEADER",
      "formatType" : "None"
    }, {
      "id" : "REPORT_NAME",
      "scope" : "response",
      "dataType" : "string",
      "collectionID" : "WF_EXPENSE_ENTRY_HEADER",
      "formatType" : "None"
    }, {
      "id" : "SUBMITTED",
      "scope" : "response",
      "dataType" : "string",
      "collectionID" : "WF_EXPENSE_ENTRY_HEADER",
      "formatType" : "None"
    }, {
      "id" : "TIMESTAMP",
      "scope" : "response",
      "dataType" : "string",
      "collectionID" : "WF_EXPENSE_ENTRY_HEADER",
      "formatType" : "None"
    }, {
      "id" : "WF_EXPENSE_ENTRY_DETAIL",
      "scope" : "response",
      "dataType" : "string",
      "collectionID" : "WF_EXPENSE_ENTRY_HEADER",
      "formatType" : "None"
    }, {
      "id" : "BILLABLE",
      "scope" : "response",
      "dataType" : "string",
      "collectionID" : "WF_EXPENSE_ENTRY_DETAIL",
      "formatType" : "None"
    }, {
      "id" : "CLIENT_NAME",
      "scope" : "response",
      "dataType" : "string",
      "collectionID" : "WF_EXPENSE_ENTRY_DETAIL",
      "formatType" : "None"
    }, {
      "id" : "DELETE_IND",
      "scope" : "response",
      "dataType" : "string",
      "collectionID" : "WF_EXPENSE_ENTRY_DETAIL",
      "formatType" : "None"
    }, {
      "id" : "EMPNUMBER",
      "scope" : "response",
      "dataType" : "string",
      "collectionID" : "WF_EXPENSE_ENTRY_DETAIL",
      "formatType" : "None"
    }, {
      "id" : "EXPENSE_AMOUNT",
      "scope" : "response",
      "dataType" : "number",
      "collectionID" : "WF_EXPENSE_ENTRY_DETAIL",
      "formatType" : "None"
    }, {
      "id" : "EXPENSE_CURRENCY",
      "scope" : "response",
      "dataType" : "string",
      "collectionID" : "WF_EXPENSE_ENTRY_DETAIL",
      "formatType" : "None"
    }, {
      "id" : "EXPENSE_LOCATION",
      "scope" : "response",
      "dataType" : "string",
      "collectionID" : "WF_EXPENSE_ENTRY_DETAIL",
      "formatType" : "None"
    }, {
      "id" : "EXPENSE_TYPE",
      "scope" : "response",
      "dataType" : "string",
      "collectionID" : "WF_EXPENSE_ENTRY_DETAIL",
      "formatType" : "None"
    }, {
      "id" : "EXP_ENTRY_ID",
      "scope" : "response",
      "dataType" : "string",
      "collectionID" : "WF_EXPENSE_ENTRY_DETAIL",
      "formatType" : "None"
    }, {
      "id" : "EXP_EXPENSE_ID",
      "scope" : "response",
      "dataType" : "string",
      "collectionID" : "WF_EXPENSE_ENTRY_DETAIL",
      "formatType" : "None"
    }, {
      "id" : "EXTRACT_TSTAMP",
      "scope" : "response",
      "dataType" : "string",
      "collectionID" : "WF_EXPENSE_ENTRY_DETAIL",
      "formatType" : "None"
    }, {
      "id" : "GPS_LATITUDE",
      "scope" : "response",
      "dataType" : "string",
      "collectionID" : "WF_EXPENSE_ENTRY_DETAIL",
      "formatType" : "None"
    }, {
      "id" : "GPS_LONGITUDE",
      "scope" : "response",
      "dataType" : "string",
      "collectionID" : "WF_EXPENSE_ENTRY_DETAIL",
      "formatType" : "None"
    }, {
      "id" : "RECEIPT_NO",
      "scope" : "response",
      "dataType" : "string",
      "collectionID" : "WF_EXPENSE_ENTRY_DETAIL",
      "formatType" : "None"
    }, {
      "id" : "RECEIPT_TEXT",
      "scope" : "response",
      "dataType" : "string",
      "collectionID" : "WF_EXPENSE_ENTRY_DETAIL",
      "formatType" : "None"
    }, {
      "id" : "TIMESTAMP",
      "scope" : "response",
      "dataType" : "string",
      "collectionID" : "WF_EXPENSE_ENTRY_DETAIL",
      "formatType" : "None"
    }, {
      "id" : "VENDOR",
      "scope" : "response",
      "dataType" : "string",
      "collectionID" : "WF_EXPENSE_ENTRY_DETAIL",
      "formatType" : "None"
    }, {
      "id" : "WF_LEAVE_REQUEST_ENTRY",
      "scope" : "response",
      "dataType" : "string",
      "collectionID" : "WF_DISTRIBUTION",
      "formatType" : "None"
    }, {
      "id" : "APPROVAL_DATE",
      "scope" : "response",
      "dataType" : "string",
      "collectionID" : "WF_LEAVE_REQUEST_ENTRY",
      "formatType" : "None"
    }, {
      "id" : "CANCEL_COMMENTS",
      "scope" : "response",
      "dataType" : "string",
      "collectionID" : "WF_LEAVE_REQUEST_ENTRY",
      "formatType" : "None"
    }, {
      "id" : "CANCEL_DATE",
      "scope" : "response",
      "dataType" : "string",
      "collectionID" : "WF_LEAVE_REQUEST_ENTRY",
      "formatType" : "None"
    }, {
      "id" : "CANCEL_TIME",
      "scope" : "response",
      "dataType" : "string",
      "collectionID" : "WF_LEAVE_REQUEST_ENTRY",
      "formatType" : "None"
    }, {
      "id" : "COMMENTS",
      "scope" : "response",
      "dataType" : "string",
      "collectionID" : "WF_LEAVE_REQUEST_ENTRY",
      "formatType" : "None"
    }, {
      "id" : "CREATE_DATE",
      "scope" : "response",
      "dataType" : "string",
      "collectionID" : "WF_LEAVE_REQUEST_ENTRY",
      "formatType" : "None"
    }, {
      "id" : "CREATE_TIME",
      "scope" : "response",
      "dataType" : "string",
      "collectionID" : "WF_LEAVE_REQUEST_ENTRY",
      "formatType" : "None"
    }, {
      "id" : "DELETE_IND",
      "scope" : "response",
      "dataType" : "string",
      "collectionID" : "WF_LEAVE_REQUEST_ENTRY",
      "formatType" : "None"
    }, {
      "id" : "EMPNUMBER",
      "scope" : "response",
      "dataType" : "string",
      "collectionID" : "WF_LEAVE_REQUEST_ENTRY",
      "formatType" : "None"
    }, {
      "id" : "EXTRACT_TSTAMP",
      "scope" : "response",
      "dataType" : "string",
      "collectionID" : "WF_LEAVE_REQUEST_ENTRY",
      "formatType" : "None"
    }, {
      "id" : "LEAVE_ENDDATE",
      "scope" : "response",
      "dataType" : "string",
      "collectionID" : "WF_LEAVE_REQUEST_ENTRY",
      "formatType" : "None"
    }, {
      "id" : "LEAVE_ENDTIME",
      "scope" : "response",
      "dataType" : "string",
      "collectionID" : "WF_LEAVE_REQUEST_ENTRY",
      "formatType" : "None"
    }, {
      "id" : "LEAVE_ENTRY_ID",
      "scope" : "response",
      "dataType" : "string",
      "collectionID" : "WF_LEAVE_REQUEST_ENTRY",
      "formatType" : "None"
    }, {
      "id" : "LEAVE_FROMDATE",
      "scope" : "response",
      "dataType" : "string",
      "collectionID" : "WF_LEAVE_REQUEST_ENTRY",
      "formatType" : "None"
    }, {
      "id" : "LEAVE_FROMTIME",
      "scope" : "response",
      "dataType" : "string",
      "collectionID" : "WF_LEAVE_REQUEST_ENTRY",
      "formatType" : "None"
    }, {
      "id" : "LEAVE_HRS",
      "scope" : "response",
      "dataType" : "number",
      "collectionID" : "WF_LEAVE_REQUEST_ENTRY",
      "formatType" : "None"
    }, {
      "id" : "LEAVE_TYPE",
      "scope" : "response",
      "dataType" : "string",
      "collectionID" : "WF_LEAVE_REQUEST_ENTRY",
      "formatType" : "None"
    }, {
      "id" : "LV_STATUS",
      "scope" : "response",
      "dataType" : "string",
      "collectionID" : "WF_LEAVE_REQUEST_ENTRY",
      "formatType" : "None"
    }, {
      "id" : "MGR_COMMENTS",
      "scope" : "response",
      "dataType" : "string",
      "collectionID" : "WF_LEAVE_REQUEST_ENTRY",
      "formatType" : "None"
    }, {
      "id" : "PROCESS_DATE",
      "scope" : "response",
      "dataType" : "string",
      "collectionID" : "WF_LEAVE_REQUEST_ENTRY",
      "formatType" : "None"
    }, {
      "id" : "PROCESS_TIME",
      "scope" : "response",
      "dataType" : "string",
      "collectionID" : "WF_LEAVE_REQUEST_ENTRY",
      "formatType" : "None"
    }, {
      "id" : "REQUEST_ID",
      "scope" : "response",
      "dataType" : "string",
      "collectionID" : "WF_LEAVE_REQUEST_ENTRY",
      "formatType" : "None"
    }, {
      "id" : "STATUS",
      "scope" : "response",
      "dataType" : "string",
      "collectionID" : "WF_LEAVE_REQUEST_ENTRY",
      "formatType" : "None"
    }, {
      "id" : "TIMESTAMP",
      "scope" : "response",
      "dataType" : "string",
      "collectionID" : "WF_LEAVE_REQUEST_ENTRY",
      "formatType" : "None"
    }, {
      "id" : "TYPE",
      "scope" : "response",
      "dataType" : "string",
      "collectionID" : "WF_LEAVE_REQUEST_ENTRY",
      "formatType" : "None"
    }, {
      "id" : "WF_OBJECT",
      "scope" : "response",
      "dataType" : "string",
      "collectionID" : "WF_DISTRIBUTION",
      "formatType" : "None"
    }, {
      "id" : "CHANGE_DATE",
      "scope" : "response",
      "dataType" : "string",
      "collectionID" : "WF_OBJECT",
      "formatType" : "None"
    }, {
      "id" : "CHANGE_TIME",
      "scope" : "response",
      "dataType" : "string",
      "collectionID" : "WF_OBJECT",
      "formatType" : "None"
    }, {
      "id" : "CHANGE_USER",
      "scope" : "response",
      "dataType" : "string",
      "collectionID" : "WF_OBJECT",
      "formatType" : "None"
    }, {
      "id" : "CREATE_DATE",
      "scope" : "response",
      "dataType" : "string",
      "collectionID" : "WF_OBJECT",
      "formatType" : "None"
    }, {
      "id" : "CREATE_SYSTEM",
      "scope" : "response",
      "dataType" : "string",
      "collectionID" : "WF_OBJECT",
      "formatType" : "None"
    }, {
      "id" : "CREATE_TIME",
      "scope" : "response",
      "dataType" : "string",
      "collectionID" : "WF_OBJECT",
      "formatType" : "None"
    }, {
      "id" : "CREATE_USER",
      "scope" : "response",
      "dataType" : "string",
      "collectionID" : "WF_OBJECT",
      "formatType" : "None"
    }, {
      "id" : "DELETE_IND",
      "scope" : "response",
      "dataType" : "string",
      "collectionID" : "WF_OBJECT",
      "formatType" : "None"
    }, {
      "id" : "DESCRIPTION",
      "scope" : "response",
      "dataType" : "string",
      "collectionID" : "WF_OBJECT",
      "formatType" : "None"
    }, {
      "id" : "DOCID",
      "scope" : "response",
      "dataType" : "string",
      "collectionID" : "WF_OBJECT",
      "formatType" : "None"
    }, {
      "id" : "STATUS",
      "scope" : "response",
      "dataType" : "string",
      "collectionID" : "WF_OBJECT",
      "formatType" : "None"
    }, {
      "id" : "TEXT_DATA",
      "scope" : "response",
      "dataType" : "string",
      "collectionID" : "WF_OBJECT",
      "formatType" : "None"
    }, {
      "id" : "TEXT_LENGTH",
      "scope" : "response",
      "dataType" : "string",
      "collectionID" : "WF_OBJECT",
      "formatType" : "None"
    }, {
      "id" : "TIMESTAMP",
      "scope" : "response",
      "dataType" : "string",
      "collectionID" : "WF_OBJECT",
      "formatType" : "None"
    }, {
      "id" : "WFLOW_TYPE",
      "scope" : "response",
      "dataType" : "string",
      "collectionID" : "WF_OBJECT",
      "formatType" : "None"
    }, {
      "id" : "WFLOW_USER",
      "scope" : "response",
      "dataType" : "string",
      "collectionID" : "WF_OBJECT",
      "formatType" : "None"
    }, {
      "id" : "WF_TIME_ENTRY",
      "scope" : "response",
      "dataType" : "string",
      "collectionID" : "WF_DISTRIBUTION",
      "formatType" : "None"
    }, {
      "id" : "ACTIVITY",
      "scope" : "response",
      "dataType" : "string",
      "collectionID" : "WF_TIME_ENTRY",
      "formatType" : "None"
    }, {
      "id" : "ACTTYPE",
      "scope" : "response",
      "dataType" : "string",
      "collectionID" : "WF_TIME_ENTRY",
      "formatType" : "None"
    }, {
      "id" : "APPROVAL_STATUS",
      "scope" : "response",
      "dataType" : "string",
      "collectionID" : "WF_TIME_ENTRY",
      "formatType" : "None"
    }, {
      "id" : "APPROVED_TIMESTAMP",
      "scope" : "response",
      "dataType" : "string",
      "collectionID" : "WF_TIME_ENTRY",
      "formatType" : "None"
    }, {
      "id" : "CANCELLED",
      "scope" : "response",
      "dataType" : "string",
      "collectionID" : "WF_TIME_ENTRY",
      "formatType" : "None"
    }, {
      "id" : "COMMENTS",
      "scope" : "response",
      "dataType" : "string",
      "collectionID" : "WF_TIME_ENTRY",
      "formatType" : "None"
    }, {
      "id" : "COMMENTS_LENGTH",
      "scope" : "response",
      "dataType" : "string",
      "collectionID" : "WF_TIME_ENTRY",
      "formatType" : "None"
    }, {
      "id" : "COUNTER",
      "scope" : "response",
      "dataType" : "string",
      "collectionID" : "WF_TIME_ENTRY",
      "formatType" : "None"
    }, {
      "id" : "CREATED_TIMESTAMP",
      "scope" : "response",
      "dataType" : "string",
      "collectionID" : "WF_TIME_ENTRY",
      "formatType" : "None"
    }, {
      "id" : "DELETE_IND",
      "scope" : "response",
      "dataType" : "string",
      "collectionID" : "WF_TIME_ENTRY",
      "formatType" : "None"
    }, {
      "id" : "EMPNUMBER",
      "scope" : "response",
      "dataType" : "string",
      "collectionID" : "WF_TIME_ENTRY",
      "formatType" : "None"
    }, {
      "id" : "ENDTIME",
      "scope" : "response",
      "dataType" : "string",
      "collectionID" : "WF_TIME_ENTRY",
      "formatType" : "None"
    }, {
      "id" : "EXTRACT_TSTAMP",
      "scope" : "response",
      "dataType" : "string",
      "collectionID" : "WF_TIME_ENTRY",
      "formatType" : "None"
    }, {
      "id" : "INT_ORDER",
      "scope" : "response",
      "dataType" : "string",
      "collectionID" : "WF_TIME_ENTRY",
      "formatType" : "None"
    }, {
      "id" : "MGR_COMMENTS",
      "scope" : "response",
      "dataType" : "string",
      "collectionID" : "WF_TIME_ENTRY",
      "formatType" : "None"
    }, {
      "id" : "MODIFIED_BY",
      "scope" : "response",
      "dataType" : "string",
      "collectionID" : "WF_TIME_ENTRY",
      "formatType" : "None"
    }, {
      "id" : "NAME",
      "scope" : "response",
      "dataType" : "string",
      "collectionID" : "WF_TIME_ENTRY",
      "formatType" : "None"
    }, {
      "id" : "NETWORK",
      "scope" : "response",
      "dataType" : "string",
      "collectionID" : "WF_TIME_ENTRY",
      "formatType" : "None"
    }, {
      "id" : "REC_CCTR",
      "scope" : "response",
      "dataType" : "string",
      "collectionID" : "WF_TIME_ENTRY",
      "formatType" : "None"
    }, {
      "id" : "STARTTIME",
      "scope" : "response",
      "dataType" : "string",
      "collectionID" : "WF_TIME_ENTRY",
      "formatType" : "None"
    }, {
      "id" : "SUBMITTED",
      "scope" : "response",
      "dataType" : "string",
      "collectionID" : "WF_TIME_ENTRY",
      "formatType" : "None"
    }, {
      "id" : "SUBTY",
      "scope" : "response",
      "dataType" : "string",
      "collectionID" : "WF_TIME_ENTRY",
      "formatType" : "None"
    }, {
      "id" : "TIMESHEETID",
      "scope" : "response",
      "dataType" : "string",
      "collectionID" : "WF_TIME_ENTRY",
      "formatType" : "None"
    }, {
      "id" : "TIMESTAMP",
      "scope" : "response",
      "dataType" : "string",
      "collectionID" : "WF_TIME_ENTRY",
      "formatType" : "None"
    }, {
      "id" : "TIME_ENTRY_ID",
      "scope" : "response",
      "dataType" : "string",
      "collectionID" : "WF_TIME_ENTRY",
      "formatType" : "None"
    }, {
      "id" : "TS_COMMENTS",
      "scope" : "response",
      "dataType" : "string",
      "collectionID" : "WF_TIME_ENTRY",
      "formatType" : "None"
    }, {
      "id" : "TYPE",
      "scope" : "response",
      "dataType" : "string",
      "collectionID" : "WF_TIME_ENTRY",
      "formatType" : "None"
    }, {
      "id" : "VALUE",
      "scope" : "response",
      "dataType" : "string",
      "collectionID" : "WF_TIME_ENTRY",
      "formatType" : "None"
    }, {
      "id" : "WBS_ELEMENT",
      "scope" : "response",
      "dataType" : "string",
      "collectionID" : "WF_TIME_ENTRY",
      "formatType" : "None"
    }, {
      "id" : "WORKDATE",
      "scope" : "response",
      "dataType" : "string",
      "collectionID" : "WF_TIME_ENTRY",
      "formatType" : "None"
    }, {
      "id" : "WORKHOURS",
      "scope" : "response",
      "dataType" : "number",
      "collectionID" : "WF_TIME_ENTRY",
      "formatType" : "None"
    } ],
    "headers" : [ {
      "id" : "KonySAP-Session-Key",
      "scope" : "request"
    } ],
    "odata" : [ {
      "id" : "$filter",
      "dataType" : "string",
      "encode" : true,
      "accessType" : "readonly"
    }, {
      "id" : "$top",
      "dataType" : "string",
      "encode" : true,
      "accessType" : "readonly"
    }, {
      "id" : "$skip",
      "dataType" : "string",
      "encode" : true,
      "accessType" : "readonly"
    }, {
      "id" : "$orderby",
      "dataType" : "string",
      "encode" : true,
      "accessType" : "readonly"
    }, {
      "id" : "$select",
      "dataType" : "string",
      "encode" : true,
      "accessType" : "readonly"
    }, {
      "id" : "$expand",
      "dataType" : "string",
      "encode" : true,
      "accessType" : "readonly"
    }, {
      "id" : "$batchsize",
      "dataType" : "string",
      "encode" : true,
      "accessType" : "readonly"
    }, {
      "id" : "$batchid",
      "dataType" : "string",
      "encode" : true,
      "accessType" : "readonly"
    }, {
      "id" : "$filter",
      "dataType" : "string",
      "encode" : true,
      "accessType" : "readonly"
    }, {
      "id" : "$top",
      "dataType" : "string",
      "encode" : true,
      "accessType" : "readonly"
    }, {
      "id" : "$skip",
      "dataType" : "string",
      "encode" : true,
      "accessType" : "readonly"
    }, {
      "id" : "$orderby",
      "dataType" : "string",
      "encode" : true,
      "accessType" : "readonly"
    }, {
      "id" : "$select",
      "dataType" : "string",
      "encode" : true,
      "accessType" : "readonly"
    }, {
      "id" : "$expand",
      "dataType" : "string",
      "encode" : true,
      "accessType" : "readonly"
    }, {
      "id" : "$batchsize",
      "dataType" : "string",
      "encode" : true,
      "accessType" : "readonly"
    }, {
      "id" : "$batchid",
      "dataType" : "string",
      "encode" : true,
      "accessType" : "readonly"
    }, {
      "id" : "$filter",
      "dataType" : "string",
      "encode" : true,
      "accessType" : "readonly"
    }, {
      "id" : "$top",
      "dataType" : "string",
      "encode" : true,
      "accessType" : "readonly"
    }, {
      "id" : "$skip",
      "dataType" : "string",
      "encode" : true,
      "accessType" : "readonly"
    }, {
      "id" : "$orderby",
      "dataType" : "string",
      "encode" : true,
      "accessType" : "readonly"
    }, {
      "id" : "$select",
      "dataType" : "string",
      "encode" : true,
      "accessType" : "readonly"
    }, {
      "id" : "$expand",
      "dataType" : "string",
      "encode" : true,
      "accessType" : "readonly"
    }, {
      "id" : "$batchsize",
      "dataType" : "string",
      "encode" : true,
      "accessType" : "readonly"
    }, {
      "id" : "$batchid",
      "dataType" : "string",
      "encode" : true,
      "accessType" : "readonly"
    }, {
      "id" : "$filter",
      "dataType" : "string",
      "encode" : true,
      "accessType" : "readonly"
    }, {
      "id" : "$top",
      "dataType" : "string",
      "encode" : true,
      "accessType" : "readonly"
    }, {
      "id" : "$skip",
      "dataType" : "string",
      "encode" : true,
      "accessType" : "readonly"
    }, {
      "id" : "$orderby",
      "dataType" : "string",
      "encode" : true,
      "accessType" : "readonly"
    }, {
      "id" : "$select",
      "dataType" : "string",
      "encode" : true,
      "accessType" : "readonly"
    }, {
      "id" : "$expand",
      "dataType" : "string",
      "encode" : true,
      "accessType" : "readonly"
    }, {
      "id" : "$batchsize",
      "dataType" : "string",
      "encode" : true,
      "accessType" : "readonly"
    }, {
      "id" : "$batchid",
      "dataType" : "string",
      "encode" : true,
      "accessType" : "readonly"
    }, {
      "id" : "$filter",
      "dataType" : "string",
      "encode" : true,
      "accessType" : "readonly"
    }, {
      "id" : "$top",
      "dataType" : "string",
      "encode" : true,
      "accessType" : "readonly"
    }, {
      "id" : "$skip",
      "dataType" : "string",
      "encode" : true,
      "accessType" : "readonly"
    }, {
      "id" : "$orderby",
      "dataType" : "string",
      "encode" : true,
      "accessType" : "readonly"
    }, {
      "id" : "$select",
      "dataType" : "string",
      "encode" : true,
      "accessType" : "readonly"
    }, {
      "id" : "$expand",
      "dataType" : "string",
      "encode" : true,
      "accessType" : "readonly"
    }, {
      "id" : "$batchsize",
      "dataType" : "string",
      "encode" : true,
      "accessType" : "readonly"
    }, {
      "id" : "$batchid",
      "dataType" : "string",
      "encode" : true,
      "accessType" : "readonly"
    }, {
      "id" : "$filter",
      "dataType" : "string",
      "encode" : true,
      "accessType" : "readonly"
    }, {
      "id" : "$top",
      "dataType" : "string",
      "encode" : true,
      "accessType" : "readonly"
    }, {
      "id" : "$skip",
      "dataType" : "string",
      "encode" : true,
      "accessType" : "readonly"
    }, {
      "id" : "$orderby",
      "dataType" : "string",
      "encode" : true,
      "accessType" : "readonly"
    }, {
      "id" : "$select",
      "dataType" : "string",
      "encode" : true,
      "accessType" : "readonly"
    }, {
      "id" : "$expand",
      "dataType" : "string",
      "encode" : true,
      "accessType" : "readonly"
    }, {
      "id" : "$batchsize",
      "dataType" : "string",
      "encode" : true,
      "accessType" : "readonly"
    }, {
      "id" : "$batchid",
      "dataType" : "string",
      "encode" : true,
      "accessType" : "readonly"
    } ],
    "iMapping" : "<?xml version=\"1.0\" encoding=\"UTF-8\" standalone=\"yes\"?><mapper xmlns=\"http://www.kony.com/ns/mapper\">      <map inputpath=\"request_in\" outputpath=\"request_out\">            <exec-function name=\"kony.gen.obj.attribute_section__hierarchy.toLOBFields\"/>      </map></mapper>",
    "oMapping" : "<?xml version=\"1.0\" encoding=\"UTF-8\" standalone=\"yes\"?><mapper xmlns=\"http://www.kony.com/ns/mapper\">      <map inputpath=\"response_in\" outputpath=\"response_out\">            <map inputpath=\"\" outputpath=\"attribute_section\">                            <set-param input=\"1\" outputpath=\"id\" />                            <set-param input=\"NOT AVAILABLE\" outputpath=\"request_type_id\" />                            <set-param input=\"SUMMARY\" outputpath=\"description\" />                            <set-param input=\"SUMMARY\" outputpath=\"TYPE\" />                        </map>                        <map inputpath=\"\" outputpath=\"attribute_section\">                            <set-param input=\"2\" outputpath=\"id\" />                            <set-param input=\"NOT AVAILABLE\" outputpath=\"request_type_id\" />                            <set-param input=\"EXTENDED\" outputpath=\"description\" />                            <set-param input=\"EXTENDED\" outputpath=\"TYPE\" />                        </map>  </map></mapper>",
    "applyCommonMapping" : false,
    "entityMetadata" : "{\"skyEntityMetadataRuntime\":{\"service\":\"WF_DO_TRANSACTIONS_HR\",\"entityName\":\"WF_DISTRIBUTION\",\"fMap\":{},\"sQuery\":\"\",\"relatedEntities\":[{\"relationshipType\":\"MANY_TO_ONE\",\"service\":\"WF_DO_TRANSACTIONS_HR\",\"entityName\":\"EXTENDED_ATTRIBUTE\",\"relationshipKeys\":[]},{\"relationshipType\":\"MANY_TO_ONE\",\"service\":\"WF_DO_TRANSACTIONS_HR\",\"entityName\":\"WF_APPROVAL_NOTE\",\"relationshipKeys\":[{\"parentKey\":\"DOCID\",\"childKey\":\"DOCID\"}]},{\"relationshipType\":\"MANY_TO_ONE\",\"service\":\"WF_DO_TRANSACTIONS_HR\",\"entityName\":\"WF_ATTACHMENTS\",\"relationshipKeys\":[{\"parentKey\":\"DOCID\",\"childKey\":\"DOCID\"}]},{\"relationshipType\":\"MANY_TO_ONE\",\"service\":\"WF_DO_TRANSACTIONS_HR\",\"entityName\":\"WF_ATTRIBUTES\",\"relationshipKeys\":[{\"parentKey\":\"DOCID\",\"childKey\":\"DOCID\"}]},{\"relationshipType\":\"MANY_TO_ONE\",\"service\":\"WF_DO_TRANSACTIONS_HR\",\"entityName\":\"WF_AUDIT\",\"relationshipKeys\":[{\"parentKey\":\"DOCID\",\"childKey\":\"DOCID\"}]},{\"relationshipType\":\"MANY_TO_ONE\",\"service\":\"WF_DO_TRANSACTIONS_HR\",\"entityName\":\"WF_EXPENSE_ENTRY_HEADER\",\"relatedEntities\":[{\"relationshipType\":\"ONE_TO_MANY\",\"service\":\"WF_DO_TRANSACTIONS_HR\",\"entityName\":\"WF_EXPENSE_ENTRY_DETAIL\",\"relationshipKeys\":[{\"parentKey\":\"EMPNUMBER\",\"childKey\":\"EMPNUMBER\"},{\"parentKey\":\"EXP_EXPENSE_ID\",\"childKey\":\"EXP_EXPENSE_ID\"}]}],\"relationshipKeys\":[{\"parentKey\":\"DOCID\",\"childKey\":\"COUNTER\"}]},{\"relationshipType\":\"MANY_TO_ONE\",\"service\":\"WF_DO_TRANSACTIONS_HR\",\"entityName\":\"WF_LEAVE_REQUEST_ENTRY\",\"relationshipKeys\":[{\"parentKey\":\"DOCID\",\"childKey\":\"REQUEST_ID\"}]},{\"relationshipType\":\"MANY_TO_ONE\",\"service\":\"WF_DO_TRANSACTIONS_HR\",\"entityName\":\"WF_OBJECT\",\"relationshipKeys\":[{\"parentKey\":\"DOCID\",\"childKey\":\"DOCID\"}]},{\"relationshipType\":\"MANY_TO_ONE\",\"service\":\"WF_DO_TRANSACTIONS_HR\",\"entityName\":\"WF_TIME_ENTRY\",\"relationshipKeys\":[{\"parentKey\":\"DOCID\",\"childKey\":\"COUNTER\"}]}],\"config\":{}}}",
    "opcode" : "query",
    "backendMeta" : {
      "dataObjectName" : "WF_DO_TRANSACTIONS_HR",
      "libraryName" : "_SKYTECH_WF",
      "businessObjectName" : "WF_DISTRIBUTION"
    },
    "relationshipHierarchyMapping" : {
      "children" : [ ],
      "name" : "attribute_section",
      "selected" : true
    },
    "requestXmlMappingOverride" : false,
    "responseXmlMappingOverride" : false
  }
}