[ {
  "entityTypeId" : "9ddeb038-ed4d-4ab9-9022-5c4cee0de3d5",
  "id" : "f95c696f-dc5b-4e7d-bc32-4253365068cb",
  "name" : "Holiday_Date",
  "description" : "description",
  "dataType" : "string",
  "hasIndex" : false,
  "unique" : true,
  "primarykey" : true,
  "namefield" : false,
  "nullable" : false,
  "custom" : true,
  "createable" : true,
  "updateable" : true,
  "audit" : false,
  "customizable" : false,
  "fieldLength" : 10,
  "fieldOrder" : 0,
  "fieldProperties" : {
    "autoGenerated" : "false"
  }
}, {
  "entityTypeId" : "9ddeb038-ed4d-4ab9-9022-5c4cee0de3d5",
  "id" : "979539c0-a5a7-4572-b568-610a592e1796",
  "name" : "Id",
  "description" : "description",
  "dataType" : "string",
  "hasIndex" : false,
  "unique" : true,
  "primarykey" : false,
  "namefield" : false,
  "nullable" : false,
  "custom" : true,
  "createable" : true,
  "updateable" : true,
  "audit" : false,
  "customizable" : false,
  "fieldLength" : 10,
  "fieldOrder" : 0,
  "fieldProperties" : {
    "autoGenerated" : "false"
  }
}, {
  "entityTypeId" : "9ddeb038-ed4d-4ab9-9022-5c4cee0de3d5",
  "id" : "21fb7278-4b5b-4bca-8861-170d4656e1f8",
  "name" : "lastmodifiedts",
  "sourceFieldname" : "TIMESTAMP",
  "description" : "VTI: Timestamp",
  "dataType" : "string",
  "hasIndex" : false,
  "unique" : false,
  "primarykey" : false,
  "namefield" : false,
  "nullable" : true,
  "custom" : false,
  "createable" : true,
  "updateable" : true,
  "audit" : false,
  "customizable" : false,
  "fieldLength" : 14,
  "fieldOrder" : 0,
  "fieldProperties" : {
    "autoGenerated" : "false"
  }
}, {
  "entityTypeId" : "9ddeb038-ed4d-4ab9-9022-5c4cee0de3d5",
  "id" : "02490f08-c30e-4bc9-a474-60ee2cf9028d",
  "name" : "Name",
  "description" : "description",
  "dataType" : "string",
  "hasIndex" : false,
  "unique" : false,
  "primarykey" : false,
  "namefield" : false,
  "nullable" : true,
  "custom" : true,
  "createable" : true,
  "updateable" : true,
  "audit" : false,
  "customizable" : false,
  "fieldLength" : 10,
  "fieldOrder" : 0,
  "fieldProperties" : {
    "autoGenerated" : "false"
  }
}, {
  "entityTypeId" : "9ddeb038-ed4d-4ab9-9022-5c4cee0de3d5",
  "id" : "b5e1d379-0cd5-4ebe-9099-39e4ecb7502d",
  "name" : "softdeleteflag",
  "sourceFieldname" : "DELETE_IND",
  "description" : "VTI: Delete local function data",
  "dataType" : "string",
  "hasIndex" : false,
  "unique" : false,
  "primarykey" : false,
  "namefield" : false,
  "nullable" : true,
  "custom" : false,
  "createable" : true,
  "updateable" : true,
  "audit" : false,
  "customizable" : false,
  "fieldLength" : 1,
  "fieldOrder" : 0,
  "fieldProperties" : {
    "autoGenerated" : "false"
  }
}, {
  "entityTypeId" : "9ddeb038-ed4d-4ab9-9022-5c4cee0de3d5",
  "id" : "9a95d964-ba66-4ab2-9ca6-7012f6d1924b",
  "name" : "Type",
  "description" : "description",
  "dataType" : "string",
  "hasIndex" : false,
  "unique" : false,
  "primarykey" : false,
  "namefield" : false,
  "nullable" : true,
  "custom" : true,
  "createable" : true,
  "updateable" : true,
  "audit" : false,
  "customizable" : false,
  "fieldLength" : 10,
  "fieldOrder" : 0,
  "fieldProperties" : {
    "autoGenerated" : "false"
  }
} ]