[ {
  "entityTypeId" : "00b94fa4-81e7-4ded-a3a9-1da468a104b9",
  "id" : "2c110a90-2fb8-4ace-b043-bbde2c8a4f2d",
  "name" : "createdts",
  "dataType" : "string",
  "hasIndex" : false,
  "unique" : false,
  "primarykey" : false,
  "namefield" : false,
  "nullable" : true,
  "custom" : true,
  "createable" : true,
  "updateable" : true,
  "audit" : false,
  "customizable" : false,
  "fieldLength" : 14,
  "fieldOrder" : 0,
  "fieldProperties" : {
    "autoGenerated" : "false"
  }
}, {
  "entityTypeId" : "00b94fa4-81e7-4ded-a3a9-1da468a104b9",
  "id" : "a110aaba-2519-4a03-9091-b96736f368f5",
  "name" : "description",
  "dataType" : "string",
  "hasIndex" : false,
  "unique" : false,
  "primarykey" : false,
  "namefield" : false,
  "nullable" : true,
  "custom" : true,
  "createable" : true,
  "updateable" : true,
  "audit" : false,
  "customizable" : false,
  "fieldLength" : 128,
  "fieldOrder" : 0,
  "fieldProperties" : {
    "autoGenerated" : "false"
  }
}, {
  "entityTypeId" : "00b94fa4-81e7-4ded-a3a9-1da468a104b9",
  "id" : "35bb71d5-b687-4056-a4d4-89b5a064983b",
  "name" : "employee_id",
  "dataType" : "string",
  "hasIndex" : false,
  "unique" : true,
  "primarykey" : false,
  "namefield" : false,
  "nullable" : false,
  "custom" : true,
  "createable" : true,
  "updateable" : true,
  "audit" : false,
  "customizable" : false,
  "fieldLength" : 10,
  "fieldOrder" : 0,
  "fieldProperties" : {
    "autoGenerated" : "false"
  }
}, {
  "entityTypeId" : "00b94fa4-81e7-4ded-a3a9-1da468a104b9",
  "id" : "6d68bb1e-f312-43f6-9fdd-3fef3c3c53e0",
  "name" : "error_msg",
  "dataType" : "string",
  "hasIndex" : false,
  "unique" : false,
  "primarykey" : false,
  "namefield" : false,
  "nullable" : true,
  "custom" : true,
  "createable" : true,
  "updateable" : true,
  "audit" : false,
  "customizable" : false,
  "fieldLength" : 128,
  "fieldOrder" : 0,
  "fieldProperties" : {
    "autoGenerated" : "false"
  }
}, {
  "entityTypeId" : "00b94fa4-81e7-4ded-a3a9-1da468a104b9",
  "id" : "3ca0e218-13ac-4e2a-862a-3d765f4b49a0",
  "name" : "id",
  "dataType" : "string",
  "hasIndex" : false,
  "unique" : true,
  "primarykey" : true,
  "namefield" : false,
  "nullable" : false,
  "custom" : true,
  "createable" : true,
  "updateable" : true,
  "audit" : false,
  "customizable" : false,
  "fieldLength" : 32,
  "fieldOrder" : 0,
  "fieldProperties" : {
    "autoGenerated" : "false"
  }
}, {
  "entityTypeId" : "00b94fa4-81e7-4ded-a3a9-1da468a104b9",
  "id" : "6d68e37c-7a30-4cf5-9734-1ba6337531d5",
  "name" : "lastmodified",
  "dataType" : "string",
  "hasIndex" : false,
  "unique" : false,
  "primarykey" : false,
  "namefield" : false,
  "nullable" : true,
  "custom" : true,
  "createable" : true,
  "updateable" : true,
  "audit" : false,
  "customizable" : false,
  "fieldLength" : 14,
  "fieldOrder" : 0,
  "fieldProperties" : {
    "autoGenerated" : "false"
  }
}, {
  "entityTypeId" : "00b94fa4-81e7-4ded-a3a9-1da468a104b9",
  "id" : "36ac487f-d19a-47f3-8a1c-388e3a2701e9",
  "name" : "request_id",
  "dataType" : "string",
  "hasIndex" : false,
  "unique" : true,
  "primarykey" : false,
  "namefield" : false,
  "nullable" : false,
  "custom" : true,
  "createable" : true,
  "updateable" : true,
  "audit" : false,
  "customizable" : false,
  "fieldLength" : 1,
  "fieldOrder" : 0,
  "fieldProperties" : {
    "autoGenerated" : "false"
  }
}, {
  "entityTypeId" : "00b94fa4-81e7-4ded-a3a9-1da468a104b9",
  "id" : "57c5f861-0150-4326-9891-19a47108e1ca",
  "name" : "softdeletedflag",
  "dataType" : "string",
  "hasIndex" : false,
  "unique" : false,
  "primarykey" : false,
  "namefield" : false,
  "nullable" : true,
  "custom" : true,
  "createable" : true,
  "updateable" : true,
  "audit" : false,
  "customizable" : false,
  "fieldLength" : 32,
  "fieldOrder" : 0,
  "fieldProperties" : {
    "autoGenerated" : "false"
  }
}, {
  "entityTypeId" : "00b94fa4-81e7-4ded-a3a9-1da468a104b9",
  "id" : "eb35ab22-b5fe-4905-af7a-1cfee868eec9",
  "name" : "status_id",
  "dataType" : "string",
  "hasIndex" : false,
  "unique" : false,
  "primarykey" : false,
  "namefield" : false,
  "nullable" : true,
  "custom" : true,
  "createable" : true,
  "updateable" : true,
  "audit" : false,
  "customizable" : false,
  "fieldLength" : 32,
  "fieldOrder" : 0,
  "fieldProperties" : {
    "autoGenerated" : "false"
  }
} ]