[ {
  "entityTypeId" : "4bcd4247-4c13-4970-a8c8-3e522fa17e89",
  "id" : "b3038670-3790-4529-836a-5016e8b4e22a",
  "name" : "createdts",
  "sourceFieldname" : "EXTRACT_TSTAMP",
  "description" : "Timestamp",
  "dataType" : "string",
  "hasIndex" : false,
  "unique" : false,
  "primarykey" : false,
  "namefield" : false,
  "nullable" : true,
  "custom" : false,
  "createable" : true,
  "updateable" : true,
  "audit" : false,
  "customizable" : false,
  "fieldLength" : 14,
  "fieldOrder" : 0,
  "fieldProperties" : {
    "autoGenerated" : "false"
  }
}, {
  "entityTypeId" : "4bcd4247-4c13-4970-a8c8-3e522fa17e89",
  "id" : "6a507d3f-c0c3-4fc6-8a6b-35455b0a6150",
  "name" : "data_key",
  "sourceFieldname" : "DATA_KEY",
  "description" : "WF:Notification data key",
  "dataType" : "string",
  "hasIndex" : false,
  "unique" : false,
  "primarykey" : false,
  "namefield" : false,
  "nullable" : true,
  "custom" : false,
  "createable" : true,
  "updateable" : true,
  "audit" : false,
  "customizable" : false,
  "fieldLength" : 15,
  "fieldOrder" : 0,
  "fieldProperties" : {
    "autoGenerated" : "false"
  }
}, {
  "entityTypeId" : "4bcd4247-4c13-4970-a8c8-3e522fa17e89",
  "id" : "c2791423-bee6-478a-a603-6cb8ddc3c746",
  "name" : "data_value",
  "sourceFieldname" : "DATA_VALUE",
  "description" : "Push Message Text",
  "dataType" : "string",
  "hasIndex" : false,
  "unique" : false,
  "primarykey" : false,
  "namefield" : false,
  "nullable" : true,
  "custom" : false,
  "createable" : true,
  "updateable" : true,
  "audit" : false,
  "customizable" : false,
  "fieldLength" : 255,
  "fieldOrder" : 0,
  "fieldProperties" : {
    "autoGenerated" : "false"
  }
}, {
  "entityTypeId" : "4bcd4247-4c13-4970-a8c8-3e522fa17e89",
  "id" : "8d892a48-8a68-4a82-abaf-7d5782578af7",
  "name" : "id",
  "sourceFieldname" : "ID",
  "description" : "WF:Notification ID",
  "dataType" : "string",
  "hasIndex" : false,
  "unique" : false,
  "primarykey" : true,
  "namefield" : false,
  "nullable" : false,
  "custom" : false,
  "createable" : true,
  "updateable" : true,
  "audit" : false,
  "customizable" : false,
  "fieldLength" : 32,
  "fieldOrder" : 0,
  "fieldProperties" : {
    "autoGenerated" : "false"
  }
}, {
  "entityTypeId" : "4bcd4247-4c13-4970-a8c8-3e522fa17e89",
  "id" : "93820ea2-cdaa-45ab-aaf5-b14228ffc260",
  "name" : "lastmodifiedts",
  "sourceFieldname" : "TIMESTAMP",
  "description" : "Timestamp",
  "dataType" : "string",
  "hasIndex" : false,
  "unique" : false,
  "primarykey" : false,
  "namefield" : false,
  "nullable" : true,
  "custom" : false,
  "createable" : true,
  "updateable" : true,
  "audit" : false,
  "customizable" : false,
  "fieldLength" : 14,
  "fieldOrder" : 0,
  "fieldProperties" : {
    "autoGenerated" : "false"
  }
}, {
  "entityTypeId" : "4bcd4247-4c13-4970-a8c8-3e522fa17e89",
  "id" : "f36ed0d7-1ab3-4811-8f4b-a7fe083d21a6",
  "name" : "notification_id",
  "sourceFieldname" : "NOTIFICATION_ID",
  "description" : "HCM:Notification ID",
  "dataType" : "string",
  "hasIndex" : false,
  "unique" : false,
  "primarykey" : false,
  "namefield" : false,
  "nullable" : true,
  "custom" : false,
  "createable" : true,
  "updateable" : true,
  "audit" : false,
  "customizable" : false,
  "fieldLength" : 32,
  "fieldOrder" : 0,
  "fieldProperties" : {
    "autoGenerated" : "false"
  }
}, {
  "entityTypeId" : "4bcd4247-4c13-4970-a8c8-3e522fa17e89",
  "id" : "42532b40-7ffb-4766-950f-fb48b4604985",
  "name" : "softdeleteflag",
  "sourceFieldname" : "DELETE_IND",
  "description" : "Delete local function data",
  "dataType" : "string",
  "hasIndex" : false,
  "unique" : false,
  "primarykey" : false,
  "namefield" : false,
  "nullable" : true,
  "custom" : false,
  "createable" : true,
  "updateable" : true,
  "audit" : false,
  "customizable" : false,
  "fieldLength" : 1,
  "fieldOrder" : 0,
  "fieldProperties" : {
    "autoGenerated" : "false"
  }
} ]