{
  "type" : "lob",
  "custom" : false,
  "junction" : false,
  "customizable" : false,
  "verbs" : {
    "get" : "getMapping"
  },
  "entityProperties" : {
    "BatchMode" : "none",
    "designTimeBackendMeta" : {
      "dataObjectName" : "WF_DO_NOTIFICATION",
      "libraryName" : "_SKYTECH_WF",
      "businessObjectName" : "WF_NOTIFDATA"
    },
    "UpdateTimeStampField" : {
      "DateFormat" : "yyyyMMddHHmmss",
      "Name" : "lastmodifiedts"
    },
    "backendMeta" : {
      "dataObjectName" : "WF_DO_NOTIFICATION",
      "libraryName" : "_SKYTECH_WF",
      "children" : "[]",
      "businessObjectName" : "WF_NOTIFDATA"
    },
    "SoftDeleteFlagField" : {
      "ActiveValue" : null,
      "InactiveValue" : "X",
      "Name" : "softdeleteflag"
    }
  },
  "commonMappings" : [ {
    "sourceFieldName" : "data_key",
    "targetField" : "DATA_KEY",
    "type" : "request_response"
  }, {
    "sourceFieldName" : "data_value",
    "targetField" : "DATA_VALUE",
    "type" : "request_response"
  }, {
    "sourceFieldName" : "id",
    "targetField" : "ID",
    "type" : "request_response"
  }, {
    "sourceFieldName" : "notification_id",
    "targetField" : "NOTIFICATION_ID",
    "type" : "request_response"
  }, {
    "sourceFieldName" : "softdeleteflag",
    "targetField" : "DELETE_IND",
    "type" : "request_response"
  } ]
}