[ {
  "entityTypeId" : "c39dc1e1-51d3-45f1-9d27-0dd2c6db32c0",
  "id" : "1491f040-b17a-4d9a-b0ab-4581ccd8e9da",
  "name" : "classField",
  "sourceFieldname" : "classField",
  "description" : "Parent Type of the Binary File",
  "dataType" : "string",
  "hasIndex" : false,
  "unique" : false,
  "primarykey" : false,
  "namefield" : false,
  "nullable" : true,
  "custom" : false,
  "createable" : true,
  "updateable" : true,
  "audit" : false,
  "customizable" : false,
  "fieldLength" : 40,
  "fieldOrder" : 0,
  "fieldProperties" : {
    "autoGenerated" : "false"
  }
}, {
  "entityTypeId" : "c39dc1e1-51d3-45f1-9d27-0dd2c6db32c0",
  "id" : "bb6d9294-9aeb-4aba-a98e-66ca1b885877",
  "name" : "classValue",
  "sourceFieldname" : "classValue",
  "description" : "Parent Value of the Binary File",
  "dataType" : "string",
  "hasIndex" : false,
  "unique" : false,
  "primarykey" : false,
  "namefield" : false,
  "nullable" : true,
  "custom" : false,
  "createable" : true,
  "updateable" : true,
  "audit" : false,
  "customizable" : false,
  "fieldLength" : 40,
  "fieldOrder" : 0,
  "fieldProperties" : {
    "autoGenerated" : "false"
  }
}, {
  "entityTypeId" : "c39dc1e1-51d3-45f1-9d27-0dd2c6db32c0",
  "id" : "49e10287-2396-402f-9563-055082e44ffb",
  "name" : "description",
  "sourceFieldname" : "description",
  "description" : "Description of the Binary File",
  "dataType" : "string",
  "hasIndex" : false,
  "unique" : false,
  "primarykey" : false,
  "namefield" : false,
  "nullable" : false,
  "custom" : false,
  "createable" : true,
  "updateable" : true,
  "audit" : false,
  "customizable" : false,
  "fieldLength" : 60,
  "fieldOrder" : 0,
  "fieldProperties" : {
    "autoGenerated" : "false"
  }
}, {
  "entityTypeId" : "c39dc1e1-51d3-45f1-9d27-0dd2c6db32c0",
  "id" : "a2028e1e-5c78-473f-8c98-23fb744f7da9",
  "name" : "extension",
  "sourceFieldname" : "extension",
  "description" : "Extension of the Binary File",
  "dataType" : "string",
  "hasIndex" : false,
  "unique" : false,
  "primarykey" : false,
  "namefield" : false,
  "nullable" : false,
  "custom" : false,
  "createable" : true,
  "updateable" : true,
  "audit" : false,
  "customizable" : false,
  "fieldLength" : 8,
  "fieldOrder" : 0,
  "fieldProperties" : {
    "autoGenerated" : "false"
  }
}, {
  "entityTypeId" : "c39dc1e1-51d3-45f1-9d27-0dd2c6db32c0",
  "id" : "c563b30c-086f-4eee-aab3-2fece3691d55",
  "name" : "group",
  "sourceFieldname" : "group",
  "description" : "Group to which the Binary File belongs",
  "dataType" : "string",
  "hasIndex" : false,
  "unique" : false,
  "primarykey" : false,
  "namefield" : false,
  "nullable" : true,
  "custom" : false,
  "createable" : true,
  "updateable" : true,
  "audit" : false,
  "customizable" : false,
  "fieldLength" : 20,
  "fieldOrder" : 0,
  "fieldProperties" : {
    "autoGenerated" : "false"
  }
}, {
  "entityTypeId" : "c39dc1e1-51d3-45f1-9d27-0dd2c6db32c0",
  "id" : "ff7f7070-af1c-4610-b815-833a72cba3af",
  "name" : "name",
  "sourceFieldname" : "name",
  "description" : "Name of the Binary File",
  "dataType" : "string",
  "hasIndex" : false,
  "unique" : false,
  "primarykey" : true,
  "namefield" : false,
  "nullable" : false,
  "custom" : false,
  "createable" : true,
  "updateable" : true,
  "audit" : false,
  "customizable" : false,
  "fieldLength" : 32,
  "fieldOrder" : 0,
  "fieldProperties" : {
    "autoGenerated" : "true"
  }
}, {
  "entityTypeId" : "c39dc1e1-51d3-45f1-9d27-0dd2c6db32c0",
  "id" : "709b88dc-040f-4a4a-b4d9-62445abc9b91",
  "name" : "ondemand",
  "sourceFieldname" : "ondemand",
  "description" : "On Demand",
  "dataType" : "string",
  "hasIndex" : false,
  "unique" : false,
  "primarykey" : false,
  "namefield" : false,
  "nullable" : true,
  "custom" : false,
  "createable" : true,
  "updateable" : true,
  "audit" : false,
  "customizable" : false,
  "fieldLength" : 20,
  "fieldOrder" : 0,
  "fieldProperties" : {
    "autoGenerated" : "false"
  }
}, {
  "entityTypeId" : "c39dc1e1-51d3-45f1-9d27-0dd2c6db32c0",
  "id" : "14851359-5783-492c-aeac-0a6d09c54ab4",
  "name" : "type",
  "sourceFieldname" : "type",
  "description" : "Type of the Binary File",
  "dataType" : "string",
  "hasIndex" : false,
  "unique" : false,
  "primarykey" : false,
  "namefield" : false,
  "nullable" : false,
  "custom" : false,
  "createable" : true,
  "updateable" : true,
  "audit" : false,
  "customizable" : false,
  "fieldLength" : 15,
  "fieldOrder" : 0,
  "fieldProperties" : {
    "autoGenerated" : "false"
  }
}, {
  "entityTypeId" : "c39dc1e1-51d3-45f1-9d27-0dd2c6db32c0",
  "id" : "16c912f2-42dc-4c2e-aeec-e85f796517a0",
  "name" : "url",
  "sourceFieldname" : "url",
  "description" : "Binary Field",
  "dataType" : "binary",
  "hasIndex" : false,
  "unique" : false,
  "primarykey" : false,
  "namefield" : false,
  "nullable" : true,
  "custom" : false,
  "createable" : true,
  "updateable" : true,
  "audit" : false,
  "customizable" : false,
  "fieldLength" : 0,
  "fieldOrder" : 0,
  "fieldProperties" : {
    "extension" : "extension",
    "format" : "type",
    "description" : "description",
    "id" : "name",
    "autoGenerated" : "false",
    "downloadToDevice" : "ifrecordvalue",
    "contentType" : "URL",
    "downloadToDeviceField" : "ondemand"
  }
} ]