[ {
  "entityTypeId" : "9d9112ac-e28f-4cdb-8a0f-4967d65c07d8",
  "id" : "859bae08-b3ec-4204-bb48-8e439686ea37",
  "name" : "app_id",
  "dataType" : "string",
  "hasIndex" : false,
  "unique" : false,
  "primarykey" : false,
  "namefield" : false,
  "nullable" : true,
  "custom" : true,
  "createable" : true,
  "updateable" : true,
  "audit" : false,
  "customizable" : false,
  "fieldLength" : 50,
  "fieldOrder" : 0,
  "fieldProperties" : {
    "autoGenerated" : "false"
  }
}, {
  "entityTypeId" : "9d9112ac-e28f-4cdb-8a0f-4967d65c07d8",
  "id" : "7f734d2d-0a58-45cd-89e4-927bfe006eff",
  "name" : "app_version",
  "dataType" : "string",
  "hasIndex" : false,
  "unique" : false,
  "primarykey" : false,
  "namefield" : false,
  "nullable" : true,
  "custom" : true,
  "createable" : true,
  "updateable" : true,
  "audit" : false,
  "customizable" : false,
  "fieldLength" : 30,
  "fieldOrder" : 0,
  "fieldProperties" : {
    "autoGenerated" : "false"
  }
}, {
  "entityTypeId" : "9d9112ac-e28f-4cdb-8a0f-4967d65c07d8",
  "id" : "0e0e5a39-16ff-44d1-8e26-8fce6bfe5c0a",
  "name" : "bundles",
  "dataType" : "string",
  "hasIndex" : false,
  "unique" : false,
  "primarykey" : false,
  "namefield" : false,
  "nullable" : true,
  "custom" : true,
  "createable" : true,
  "updateable" : true,
  "audit" : false,
  "customizable" : false,
  "fieldLength" : 10,
  "fieldOrder" : 0,
  "fieldProperties" : {
    "autoGenerated" : "false"
  }
}, {
  "entityTypeId" : "9d9112ac-e28f-4cdb-8a0f-4967d65c07d8",
  "id" : "1f07d967-ad12-48dd-af21-d5a010d45c0c",
  "name" : "CreatedBy",
  "dataType" : "string",
  "hasIndex" : false,
  "unique" : false,
  "primarykey" : false,
  "namefield" : false,
  "nullable" : true,
  "custom" : true,
  "createable" : true,
  "updateable" : true,
  "audit" : false,
  "customizable" : false,
  "fieldLength" : 32,
  "fieldOrder" : 0,
  "fieldProperties" : {
    "standard" : "true",
    "isSoftDeleteField" : "false",
    "isUpdateTimeStampField" : "false",
    "autoGenerated" : "false"
  }
}, {
  "entityTypeId" : "9d9112ac-e28f-4cdb-8a0f-4967d65c07d8",
  "id" : "79e3a79c-6806-466c-b4a6-544c494ee1a5",
  "name" : "CreatedDateTime",
  "dataType" : "date",
  "hasIndex" : false,
  "unique" : false,
  "primarykey" : false,
  "namefield" : false,
  "nullable" : false,
  "custom" : true,
  "createable" : true,
  "updateable" : true,
  "audit" : false,
  "customizable" : false,
  "fieldLength" : 32,
  "fieldOrder" : 0,
  "fieldProperties" : {
    "standard" : "true",
    "isSoftDeleteField" : "false",
    "isUpdateTimeStampField" : "false",
    "autoGenerated" : "false"
  }
}, {
  "entityTypeId" : "9d9112ac-e28f-4cdb-8a0f-4967d65c07d8",
  "id" : "abcf8a6c-b24c-431b-b7c6-d806555f3f77",
  "name" : "id",
  "dataType" : "number",
  "hasIndex" : false,
  "unique" : true,
  "primarykey" : true,
  "namefield" : false,
  "nullable" : false,
  "custom" : true,
  "createable" : true,
  "updateable" : true,
  "audit" : false,
  "customizable" : false,
  "fieldOrder" : 0,
  "fieldProperties" : {
    "autoGenerated" : "true"
  }
}, {
  "entityTypeId" : "9d9112ac-e28f-4cdb-8a0f-4967d65c07d8",
  "id" : "b038a149-3c76-478d-813c-cf4149b93965",
  "name" : "LastUpdatedBy",
  "dataType" : "string",
  "hasIndex" : false,
  "unique" : false,
  "primarykey" : false,
  "namefield" : false,
  "nullable" : true,
  "custom" : true,
  "createable" : true,
  "updateable" : true,
  "audit" : false,
  "customizable" : false,
  "fieldLength" : 32,
  "fieldOrder" : 0,
  "fieldProperties" : {
    "standard" : "true",
    "isSoftDeleteField" : "false",
    "isUpdateTimeStampField" : "false",
    "autoGenerated" : "false"
  }
}, {
  "entityTypeId" : "9d9112ac-e28f-4cdb-8a0f-4967d65c07d8",
  "id" : "ce31bf12-811c-4302-8c87-c049b85016ff",
  "name" : "LastUpdatedDateTime",
  "dataType" : "date",
  "hasIndex" : false,
  "unique" : false,
  "primarykey" : false,
  "namefield" : false,
  "nullable" : false,
  "custom" : true,
  "createable" : true,
  "updateable" : true,
  "audit" : false,
  "customizable" : false,
  "fieldLength" : 32,
  "fieldOrder" : 0,
  "fieldProperties" : {
    "standard" : "true",
    "isSoftDeleteField" : "false",
    "isUpdateTimeStampField" : "true",
    "autoGenerated" : "false",
    "timeStampFieldFormat" : "yyyy-MM-dd'T'HH:mm:ss.SSS"
  }
}, {
  "entityTypeId" : "9d9112ac-e28f-4cdb-8a0f-4967d65c07d8",
  "id" : "9ccc0441-fcc6-4217-b148-4c101b851cc9",
  "name" : "role_id",
  "dataType" : "string",
  "hasIndex" : false,
  "unique" : false,
  "primarykey" : false,
  "namefield" : false,
  "nullable" : true,
  "custom" : true,
  "createable" : true,
  "updateable" : true,
  "audit" : false,
  "customizable" : false,
  "fieldLength" : 20,
  "fieldOrder" : 0,
  "fieldProperties" : {
    "autoGenerated" : "false"
  }
}, {
  "entityTypeId" : "9d9112ac-e28f-4cdb-8a0f-4967d65c07d8",
  "id" : "ec8e7e89-a191-47fa-9bc5-be732c744050",
  "name" : "SoftDeleteFlag",
  "dataType" : "boolean",
  "hasIndex" : false,
  "unique" : false,
  "primarykey" : false,
  "namefield" : false,
  "nullable" : true,
  "custom" : true,
  "createable" : true,
  "updateable" : true,
  "audit" : false,
  "customizable" : false,
  "fieldLength" : 1,
  "fieldOrder" : 0,
  "fieldProperties" : {
    "standard" : "true",
    "isSoftDeleteField" : "true",
    "isUpdateTimeStampField" : "false",
    "autoGenerated" : "false"
  }
}, {
  "entityTypeId" : "9d9112ac-e28f-4cdb-8a0f-4967d65c07d8",
  "id" : "dc5b686b-302d-4d39-92de-993f6e1ecf63",
  "name" : "user_id",
  "dataType" : "string",
  "hasIndex" : false,
  "unique" : false,
  "primarykey" : false,
  "namefield" : false,
  "nullable" : true,
  "custom" : true,
  "createable" : true,
  "updateable" : true,
  "audit" : false,
  "customizable" : false,
  "fieldLength" : 10,
  "fieldOrder" : 0,
  "fieldProperties" : {
    "autoGenerated" : "false"
  }
} ]