{
  "operationConfig" : {
    "name" : "queryWFTYPES1561",
    "type" : "MappedToBackend",
    "cachable" : false,
    "smsEnabled" : false,
    "security" : "authorized_app_user",
    "responseEncoding" : "UTF-8",
    "httpMethod" : "GET",
    "decodeResponseBody" : false,
    "referencingEndpoint" : "default",
    "outputs" : [ {
      "id" : "WF_TYPES",
      "scope" : "response",
      "dataType" : "string",
      "formatType" : "None"
    }, {
      "id" : "WFLOW_TYPE",
      "scope" : "response",
      "dataType" : "string",
      "collectionID" : "WF_TYPES",
      "formatType" : "None"
    }, {
      "id" : "TIMESTAMP",
      "scope" : "response",
      "dataType" : "string",
      "collectionID" : "WF_TYPES",
      "formatType" : "None"
    }, {
      "id" : "DELETE_IND",
      "scope" : "response",
      "dataType" : "string",
      "collectionID" : "WF_TYPES",
      "formatType" : "None"
    }, {
      "id" : "nextBatchId",
      "scope" : "response",
      "dataType" : "string",
      "formatType" : "None"
    }, {
      "id" : "hasMoreRecords",
      "scope" : "response",
      "dataType" : "string",
      "formatType" : "None"
    } ],
    "headers" : [ {
      "id" : "KonySAP-Session-Key",
      "scope" : "request"
    } ],
    "odata" : [ {
      "id" : "$filter",
      "dataType" : "string",
      "encode" : true,
      "accessType" : "readonly"
    } ],
    "iMapping" : "<?xml version=\"1.0\" encoding=\"UTF-8\" standalone=\"yes\"?><mapper xmlns=\"http://www.kony.com/ns/mapper\">              <map inputpath=\"request_in\" outputpath=\"request_out\">                            <exec-function name=\"kony.gen.obj.request_type__hierarchy.toLOBFields\"/>              </map></mapper>",
    "oMapping" : "<?xml version=\"1.0\" encoding=\"UTF-8\" standalone=\"yes\"?><mapper xmlns=\"http://www.kony.com/ns/mapper\">        <map inputpath=\"response_in\" outputpath=\"response_out\">                <map inputpath=\"WF_TYPES\" outputpath=\"request_type\">                        <exec-function name=\"kony.gen.obj.request_type__hierarchy.fromLOBFields\" />                        <exec-function name=\"kony.logical:equal\" outputpath=\"LEAVEREQCOND\" output=\"$vars\">                                <set-arg name=\"Key1\" inputpath=\"WFLOW_TYPE\" />                                <set-arg name=\"Value1\" input=\"LEAVEREQ\" />                        </exec-function>                        <exec-function name=\"kony.logical:equal\" outputpath=\"TIMESHEETCOND\" output=\"$vars\">                                <set-arg name=\"Key2\" inputpath=\"WFLOW_TYPE\" />                                <set-arg name=\"Value2\" input=\"TIMESHEET\" />                        </exec-function>                        <exec-function name=\"kony.logical:equal\" outputpath=\"PURCHORDERCOND\" output=\"$vars\">                                <set-arg name=\"Key3\" inputpath=\"WFLOW_TYPE\" />                                <set-arg name=\"Value3\" input=\"PURCHORDER\" />                        </exec-function>                        <exec-function name=\"kony.logical:equal\" outputpath=\"EXPENSESRCOND\" output=\"$vars\">                                <set-arg name=\"Key4\" inputpath=\"WFLOW_TYPE\" />                                <set-arg name=\"Value4\" input=\"EXPENSES\" />                        </exec-function>                        <exec-function name=\"kony.logical:equal\" outputpath=\"PURCHASEREQUISITONCOND\" output=\"$vars\">                                <set-arg name=\"Key4\" inputpath=\"WFLOW_TYPE\" />                                <set-arg name=\"Value4\" input=\"PURCHREQTN\" />                        </exec-function>                        <choose>                                <when test=\"$vars/LEAVEREQCOND\">                                        <set-param input=\"LEAVE\" outputpath=\"name\" />                                </when>                                <when test=\"$vars/TIMESHEETCOND\">                                        <set-param input=\"TIMESHEET\" outputpath=\"name\" />                                </when>                                <when test=\"$vars/PURCHORDERCOND\">                                        <set-param input=\"PURCHASEORDER\" outputpath=\"name\" />                                </when>                                <when test=\"$vars/EXPENSESRCOND\">                                        <set-param input=\"EXPENSES\" outputpath=\"name\" />                                </when>                                <when test=\"$vars/PURCHASEREQUISITONCOND\">                                        <set-param input=\"PURCHASEREQUISITION\" outputpath=\"name\" />                                </when>                                <otherwise>                                        <set-param inputpath=\"WFLOW_TYPE\" outputpath=\"name\" />                                </otherwise>                        </choose>                </map>                <map inputpath=\"\" outputpath=\"request_type\">                        <set-param input=\"TIMESHEET\" outputpath=\"id\" />                        <set-param input=\"TIMESHEET\" outputpath=\"name\" />                </map>        </map></mapper>",
    "applyCommonMapping" : false,
    "entityMetadata" : "{\"skyEntityMetadataRuntime\":{\"service\":\"WF_DO_REFERENCE_DATA\",\"entityName\":\"WF_TYPES\",\"fMap\":{},\"sQuery\":\"\",\"config\":{}}}",
    "opcode" : "query",
    "backendMeta" : {
      "dataObjectName" : "WF_DO_REFERENCE_DATA",
      "libraryName" : "_SKYTECH_WF",
      "businessObjectName" : "WF_TYPES"
    },
    "relationshipHierarchyMapping" : {
      "children" : [ ],
      "name" : "request_type",
      "selected" : true
    },
    "requestXmlMappingOverride" : false,
    "responseXmlMappingOverride" : false
  }
}