[ {
  "entityTypeId" : "c6cbcef0-887e-431b-a5c2-f343fb739f8c",
  "id" : "12c39107-f394-401e-b229-b31530e99646",
  "name" : "Employee_Id",
  "sourceFieldname" : "EMPNUMBER",
  "description" : "Employee Number",
  "dataType" : "string",
  "hasIndex" : false,
  "unique" : false,
  "primarykey" : true,
  "namefield" : false,
  "nullable" : false,
  "custom" : false,
  "createable" : true,
  "updateable" : true,
  "audit" : false,
  "customizable" : false,
  "fieldLength" : 8,
  "fieldOrder" : 0,
  "fieldProperties" : {
    "autoGenerated" : "false"
  }
}, {
  "entityTypeId" : "c6cbcef0-887e-431b-a5c2-f343fb739f8c",
  "id" : "32c79e85-ba36-40aa-95a1-fc4b97fab434",
  "name" : "Id",
  "sourceFieldname" : "SUBTY",
  "description" : "Subtype",
  "dataType" : "string",
  "hasIndex" : false,
  "unique" : false,
  "primarykey" : true,
  "namefield" : false,
  "nullable" : false,
  "custom" : false,
  "createable" : true,
  "updateable" : true,
  "audit" : false,
  "customizable" : false,
  "fieldLength" : 4,
  "fieldOrder" : 0,
  "fieldProperties" : {
    "autoGenerated" : "false"
  }
}, {
  "entityTypeId" : "c6cbcef0-887e-431b-a5c2-f343fb739f8c",
  "id" : "b09412a3-027c-4270-bd07-5a48d52891cf",
  "name" : "lastmodifiedts",
  "sourceFieldname" : "TIMESTAMP",
  "description" : "Timestamp",
  "dataType" : "string",
  "hasIndex" : false,
  "unique" : false,
  "primarykey" : false,
  "namefield" : false,
  "nullable" : true,
  "custom" : false,
  "createable" : true,
  "updateable" : true,
  "audit" : false,
  "customizable" : false,
  "fieldLength" : 14,
  "fieldOrder" : 0,
  "fieldProperties" : {
    "autoGenerated" : "false"
  }
}, {
  "entityTypeId" : "c6cbcef0-887e-431b-a5c2-f343fb739f8c",
  "id" : "7e061049-f71c-4371-802b-9c0eaa50149d",
  "name" : "softdeleteflag",
  "sourceFieldname" : "DELETE_IND",
  "description" : "Delete local function data",
  "dataType" : "string",
  "hasIndex" : false,
  "unique" : false,
  "primarykey" : false,
  "namefield" : false,
  "nullable" : true,
  "custom" : false,
  "createable" : true,
  "updateable" : true,
  "audit" : false,
  "customizable" : false,
  "fieldLength" : 1,
  "fieldOrder" : 0,
  "fieldProperties" : {
    "autoGenerated" : "false"
  }
}, {
  "entityTypeId" : "c6cbcef0-887e-431b-a5c2-f343fb739f8c",
  "id" : "1f8cb135-2d6c-4107-baaf-a774448f6bcf",
  "name" : "Type",
  "sourceFieldname" : "SUBTYTEXT",
  "description" : "Type Description",
  "dataType" : "string",
  "hasIndex" : false,
  "unique" : false,
  "primarykey" : false,
  "namefield" : false,
  "nullable" : true,
  "custom" : false,
  "createable" : true,
  "updateable" : true,
  "audit" : false,
  "customizable" : false,
  "fieldLength" : 40,
  "fieldOrder" : 0,
  "fieldProperties" : {
    "autoGenerated" : "false"
  }
} ]